chrom,start,end,name,score,strand,samplea_counts,samplea_total,sampleb_counts,sampleb_total,samplea_percents,sampleb_percents,samplea_fraction_modified,sampleb_fraction_modified,map_pvalue,effect_size,cohen_h,cohen_h_low,cohen_h_high
chr1,206583090,206583091,.,-0.2776317365982791,-,m:2,2,m:1,1,m:100.00,m:100.00,1.0,1.0,1.0,0.0,0.0,-2.4004558381776544,2.4004558381776544
chr1,206583173,206583174,.,0.7449372062428381,+,m:139,152,m:68,80,m:91.45,m:85.00,0.9144737,0.85,0.4734595077005029,0.06,0.2018256266760341,-0.068897461844284,0.4725487151963522
chr1,206583174,206583175,.,-0.3330864442988286,-,m:120,126,m:86,90,m:95.24,m:95.56,0.95238096,0.95555556,1.0,-0.0055555555555556,-0.0151515268386948,-0.2553492018178055,0.2856522554951951
chr1,206583387,206583388,.,-0.1895433550299401,+,m:134,176,m:62,85,m:76.14,m:72.94,0.7613636,0.7294118,1.0,0.0305882352941176,0.0733762324772384,-0.1855061805151517,0.3322586454696286
chr1,206583388,206583389,.,-0.2953258125955358,-,m:91,107,m:65,75,m:85.05,m:86.67,0.85046726,0.8666667,1.0,-0.0166666666666667,-0.0465050604040762,-0.2486574969234765,0.3416676177316289
chr1,206583707,206583708,.,0.3488573310736456,+,m:183,197,m:100,104,m:92.89,m:96.15,0.92893404,0.96153843,1.0,-0.0299999999999999,-0.1448986339836926,-0.0926658730730777,0.382463141040463
chr1,206583708,206583709,.,-0.3289246279418307,-,m:113,117,m:77,80,m:96.58,m:96.25,0.96581197,0.9625,1.0,0.0074999999999999,0.017820522717669,-0.2665229608231545,0.3021640062584927
chr1,206583766,206583767,.,0.432536692431654,+,m:156,177,m:90,97,m:88.14,m:92.78,0.88135594,0.92783505,1.0,-0.0478350515463917,-0.1593482932983065,-0.0882518388374446,0.4069484254340577
chr1,206583767,206583768,.,-0.2629375309767567,-,m:112,118,m:73,78,m:94.92,m:93.59,0.9491525,0.9358974,1.0,0.014102564102564,0.0570422066209403,-0.2289721423701117,0.3430565556119925
chr1,206584104,206584105,.,-0.1932170048458488,+,m:174,184,m:96,100,m:94.57,m:96.00,0.9456522,0.96,1.0,-0.01,-0.0678664539716602,-0.175633200643434,0.3113661085867545
chr1,206584105,206584106,.,0.2946528802509078,-,m:119,124,m:85,92,m:95.97,m:92.39,0.9596774,0.92391306,1.0,0.0360869565217391,0.1545651570453845,-0.1151281758346829,0.424258489925452
chr1,206584137,206584138,.,1.807477700838831,+,m:200,205,m:109,109,m:97.56,m:100.00,0.9756098,1.0,1.0,-0.02,-0.3136312198996176,0.0812918883394206,0.5459705514598145
chr1,206584138,206584139,.,0.0399437354315352,-,m:81,94,m:50,55,m:86.17,m:90.91,0.86170214,0.90909094,1.0,-0.0473887814313346,-0.1495212988612726,-0.183211760857289,0.4822543585798343
chr1,206584151,206584152,.,-0.2440711551429899,+,m:191,194,m:100,101,m:98.45,m:99.01,0.9845361,0.990099,1.0,-0.01,-0.0500159945116456,-0.1904742960963872,0.2905062851196784
chr1,206584152,206584153,.,-0.2552094839184633,-,m:125,129,m:88,90,m:96.90,m:97.78,0.96899223,0.9777778,1.0,-0.0077777777777777,-0.0547685666039239,-0.2144184062114534,0.3239555394193013
chr1,206584176,206584177,.,1.7791328482934432,+,m:192,197,m:103,103,m:97.46,m:100.00,0.97461927,1.0,1.0,-0.03,-0.3199900793449557,0.0816719984661464,0.558308160223765
chr1,206584177,206584178,.,0.507388415440289,-,m:130,135,m:92,93,m:96.30,m:98.92,0.962963,0.9892473,1.0,-0.029247311827957,-0.1795527672162014,-0.0845708011156083,0.4436763355480111
chr1,206584178,206584179,.,1.4214776428391929,+,m:196,200,m:110,110,m:98.00,m:100.00,0.98,1.0,1.0,-0.02,-0.2837939729691077,0.0511361834608435,0.5164517624773719
chr1,206584179,206584180,.,-0.3227920614186246,-,m:122,128,m:69,72,m:95.31,m:95.83,0.953125,0.9583333,1.0,-0.0083333333333334,-0.0253310669851631,-0.2633988964210196,0.314061030391346
chr1,206584201,206584202,.,-0.2415065358285915,+,m:161,170,m:69,74,m:94.71,m:93.24,0.9470588,0.9324324,1.0,0.0175675675675675,0.0615758746264081,-0.211386434635098,0.3345381838879142
chr1,206584202,206584203,.,0.6617993987405839,-,m:141,143,m:93,93,m:98.60,m:100.00,0.986014,1.0,1.0,-0.01,-0.2370796060959019,-0.0240130158242328,0.4981722280160367
chr1,206584227,206584228,.,-0.3379758509038311,+,m:176,183,m:97,101,m:96.17,m:96.04,0.96174866,0.96039605,1.0,0.0,0.0069932794627023,-0.2359590286238971,0.2499455875493017
chr1,206584228,206584229,.,-0.0967219348852381,-,m:131,134,m:92,93,m:97.76,m:98.92,0.97761196,0.9892473,1.0,-0.009247311827957,-0.0926169744173543,-0.1719082832881743,0.3571422321228831
chr1,206584272,206584273,.,0.2392091324193757,+,m:170,200,m:100,112,m:85.00,m:89.29,0.85,0.89285713,1.0,-0.04,-0.1284523913797137,-0.1028613210844501,0.3597661038438776
chr1,206584273,206584274,.,1.5649727328835183,-,m:123,141,m:89,94,m:87.23,m:94.68,0.87234044,0.9468085,0.1715785280927423,-0.0768085106382978,-0.2652838440136049,0.004303055452219,0.5262646325749908
chr1,206584304,206584305,.,1.0184861815429826,+,m:186,197,m:106,108,m:94.42,m:98.15,0.9441624,0.9814815,1.0,-0.04,-0.2040994234409345,-0.0305681161178329,0.4387669629997021
chr1,206584305,206584306,.,-0.1780784290946258,-,m:126,129,m:79,82,m:97.67,m:96.34,0.9767442,0.9634146,1.0,0.0165853658536585,0.0787260982716846,-0.1980875743259116,0.3555397708692809
chr1,206584395,206584396,.,0.0503061443990304,+,m:198,205,m:111,113,m:96.59,m:98.23,0.96585363,0.9823009,1.0,-0.01,-0.1048436829114614,-0.1247952386984955,0.3344826045214183
chr1,206584396,206584397,.,-0.2397098238710668,-,m:130,136,m:89,92,m:95.59,m:96.74,0.9558824,0.9673913,1.0,-0.007391304347826,-0.0600860739209827,-0.204490961971885,0.3246631098138505
chr1,206584407,206584408,.,0.1836461029250244,+,m:182,188,m:99,105,m:96.81,m:94.29,0.9680851,0.94285715,1.0,0.03,0.1235428010119235,-0.1152429056400569,0.3623285076639039
chr1,206584408,206584409,.,0.5304023653044396,-,m:135,140,m:97,98,m:96.43,m:98.98,0.96428573,0.9897959,1.0,-0.0297959183673469,-0.1778754777739553,-0.0802670235140438,0.4360179790619544
chr1,206584411,206584412,.,-0.1115825067724358,+,m:185,194,m:96,99,m:95.36,m:96.97,0.9536083,0.969697,1.0,-0.0196969696969697,-0.0842390938397446,-0.1578434302666745,0.3263216179461637
chr1,206584412,206584413,.,-0.3279643587267742,-,m:107,110,m:78,80,m:97.27,m:97.50,0.9727273,0.975,1.0,-0.005,-0.0142487374912669,-0.2737453391389264,0.3022428141214603
chr1,206584946,206584947,.,1.3360157371539572,+,m:159,191,m:90,99,m:83.25,m:90.91,0.83246076,0.90909094,0.249061023782814,-0.0790909090909091,-0.2308529391924167,-0.0118711102897303,0.4735769886745639
chr1,206584947,206584948,.,3.874950791012964,-,m:111,124,m:82,83,m:89.52,m:98.80,0.8951613,0.9879518,0.0260011719467316,-0.0879518072289156,-0.4394893974945479,0.1615287114031402,0.7174500835859556
chr1,206585234,206585235,.,1.9380030007492903,+,m:143,164,m:94,99,m:87.20,m:94.95,0.8719512,0.94949496,0.1397880298522113,-0.0794949494949495,-0.2785667399209024,0.0291150537271184,0.5280184261146864
chr1,206585235,206585236,.,-0.276095348490827,-,m:98,118,m:68,80,m:83.05,m:85.00,0.8305085,0.85,1.0,-0.02,-0.0532243590576881,-0.2306294255344338,0.3370781436498102
chr1,206585379,206585380,.,1.7340428655709277,+,m:163,188,m:96,102,m:86.70,m:94.12,0.86702126,0.9411765,0.2346096439340377,-0.0699999999999999,-0.2565833207271759,0.0155549975229638,0.497611643931388
chr1,206585380,206585381,.,0.2083881157428777,-,m:112,122,m:83,87,m:91.80,m:95.40,0.91803277,0.954023,1.0,-0.034022988505747,-0.1485232167650108,-0.1265078114321309,0.4235542449621525
chr1,206585797,206585798,.,0.4325724425991097,+,m:157,179,m:78,95,m:87.71,m:82.11,0.877095,0.8210526,0.5172712725986027,0.0589473684210526,0.1571784343473958,-0.0916127882502793,0.4059696569450711
chr1,206585798,206585799,.,8.272771974207103,-,m:76,85,m:34,57,m:89.41,m:59.65,0.89411765,0.5964912,0.0001891153611187,0.2976264189886481,0.7137352153155481,0.3781943868270029,1.0492760438040931
chr1,206585896,206585897,.,-0.017425882052521,+,m:171,197,m:98,109,m:86.80,m:89.91,0.8680203,0.89908254,1.0,-0.03,-0.097040622896126,-0.1369305985013965,0.3310118442936485
chr1,206585897,206585898,.,-0.2415446304933652,-,m:119,130,m:82,88,m:91.54,m:93.18,0.9153846,0.9318182,1.0,-0.0118181818181817,-0.0619509355041763,-0.2086088996161905,0.3325107706245431
chr1,206586020,206586021,.,13.988013191269433,+,m:116,168,m:32,92,m:69.05,m:34.78,0.6904762,0.3478261,9.7293598111e-06,0.3421739130434782,0.7000797935417622,0.4458735514958333,0.9542860355876912
chr1,206586021,206586022,.,6.070814281336709,-,m:83,118,m:37,82,m:70.34,m:45.12,0.7033898,0.4512195,0.0029233116565824,0.248780487804878,0.516642529631439,0.2348592892541109,0.7984257700087669
chr1,206586120,206586121,.,3.623344100167913,+,m:59,182,m:17,99,m:32.42,m:17.17,0.32417583,0.17171717,0.0453117860979881,0.1482828282828283,0.3569251791969577,0.1121609437628033,0.6016894146311121
chr1,206586121,206586122,.,2.066664928223588,-,m:32,118,m:13,89,m:27.12,m:14.61,0.27118644,0.14606741,0.0697395993317873,0.1239325842696629,0.3111466413809771,0.0359790662052693,0.586314216556685
chr1,206586163,206586164,.,36.28447180972705,+,m:135,161,m:24,83,m:83.85,m:28.92,0.8385093,0.28915662,8.51e-14,0.5508433734939759,1.1790088718478595,0.914164334299841,1.4438534093958784
chr1,206586164,206586165,.,45.74365861741063,-,m:105,121,m:21,90,m:86.78,m:23.33,0.8677686,0.23333333,0.0,0.6366666666666667,1.388995473439465,1.1161759921978465,1.6618149546810834
chr1,206586168,206586169,.,21.56342935358606,+,m:69,88,m:12,53,m:78.41,m:22.64,0.78409094,0.2264151,2.683818e-10,0.5576758147512864,1.1832739756472153,0.8424906188768357,1.5240573324175948
chr1,206586169,206586170,.,13.025236757022832,-,m:15,18,m:2,24,m:83.33,m:8.33,0.8333333,0.083333336,1.2310154188e-06,0.75,1.71483837726696,1.1037122338865284,2.325964520647392
chr1,206586173,206586174,.,75.54456423413666,+,m:151,162,m:19,94,m:93.21,m:20.21,0.93209875,0.20212767,0.0,0.727872340425532,1.6817457112182894,1.427621151270632,1.9358702711659468
chr1,206586174,206586175,.,22.653497906618654,-,m:34,41,m:6,45,m:82.93,m:13.33,0.8292683,0.13333334,8.08448e-11,0.6959349593495935,1.542084405263802,1.118929741873587,1.9652390686540169
chr1,206586175,206586176,.,73.26995394444361,+,m:154,166,m:22,99,m:92.77,m:22.22,0.92771083,0.22222222,0.0,0.7077777777777778,1.615395385768235,1.3665100054274075,1.8642807661090623
chr1,206586176,206586177,.,33.88705635523522,-,m:53,59,m:12,63,m:89.83,m:19.05,0.89830506,0.1904762,1e-15,0.7078288942695723,1.5891959403642093,1.234111431586928,1.944280449141491
chr1,206586177,206586178,.,74.20145893403861,+,m:164,176,m:25,103,m:93.18,m:24.27,0.9318182,0.24271844,0.0,0.6900000000000001,1.5829371384029425,1.339786593929166,1.8260876828767183
chr1,206586178,206586179,.,37.77610712324838,-,m:75,85,m:19,80,m:88.24,m:23.75,0.88235295,0.2375,0.0,0.6448529411764705,1.4232999131251576,1.1179937251051415,1.7286061011451734
chr1,206586179,206586180,.,67.8955754163614,+,m:175,188,m:26,96,m:93.09,m:27.08,0.93085104,0.27083334,0.0,0.6591666666666667,1.5147336429686928,1.2688709014881383,1.7605963844492474
chr1,206586180,206586181,.,39.24167103379386,-,m:98,116,m:23,92,m:84.48,m:25.00,0.8448276,0.25,1e-16,0.59,1.284611546852927,1.0109858691510958,1.5582372245547589
chr1,206586181,206586182,.,73.28785029840316,+,m:182,190,m:30,99,m:95.79,m:30.30,0.95789474,0.3030303,0.0,0.656969696969697,1.5623827293660073,1.3194407225621438,1.8053247361698708
chr1,206586182,206586183,.,45.04645729727363,-,m:104,118,m:21,86,m:88.14,m:24.42,0.88135594,0.24418604,0.0,0.6358139534883721,1.4045743700804103,1.1266843530041957,1.6824643871566254
chr1,206586183,206586184,.,65.98786115618913,+,m:163,171,m:25,87,m:95.32,m:28.74,0.9532164,0.28735632,0.0,0.6626436781609195,1.5740391629073631,1.3159318779375553,1.8321464478771716
chr1,206586184,206586185,.,53.76405674606451,-,m:107,118,m:20,89,m:90.68,m:22.47,0.90677965,0.2247191,0.0,0.6852808988764045,1.5332842889839284,1.2581167138082203,1.8084518641596363
chr1,206586185,206586186,.,19.151021034772555,+,m:94,101,m:15,36,m:93.07,m:41.67,0.9306931,0.41666666,4.5527854e-09,0.5133333333333334,1.2054404555224247,0.8249914639175415,1.585889447127308
chr1,206586186,206586187,.,42.730852387941525,-,m:99,106,m:13,55,m:93.40,m:23.64,0.9339623,0.23636363,0.0,0.6936363636363637,1.6063961300196234,1.280689385563018,1.9321028744762287
chr1,206586187,206586188,.,5.897533437159765,+,m:51,55,m:7,14,m:92.73,m:50.00,0.92727274,0.5,0.002529465701851,0.4272727272727272,1.0246750709565633,0.4379599598552143,1.6113901820579124
chr1,206586188,206586189,.,19.997504487812343,-,m:73,80,m:9,30,m:91.25,m:30.00,0.9125,0.3,1.4812785e-09,0.6125,1.3817191043588746,0.9621158839051376,1.8013223248126116
chr1,206586227,206586228,.,58.80057745768437,+,m:161,191,m:22,104,m:84.29,m:21.15,0.8429319,0.21153846,0.0,0.63,1.3707466851260812,1.1318964100755762,1.6095969601765865
chr1,206586228,206586229,.,32.79312227585848,-,m:108,133,m:24,88,m:81.20,m:27.27,0.8120301,0.27272728,2.648e-13,0.5372727272727273,1.1457899649077086,0.8764647151221996,1.4151152146932175
chr1,206586286,206586287,.,46.353333878466856,+,m:162,189,m:28,97,m:85.71,m:28.87,0.85714287,0.28865978,3e-16,0.571340206185567,1.2320038953454842,0.9872022466581232,1.4768055440328451
chr1,206586287,206586288,.,44.6627101058472,-,m:85,96,m:15,76,m:88.54,m:19.74,0.8854167,0.19736843,0.0,0.6880482456140351,1.5302447185734755,1.2293116581638488,1.8311777789831023
chr1,206586303,206586304,.,18.426423903652164,+,m:75,156,m:9,84,m:48.08,m:10.71,0.48076922,0.10714286,9.29556984e-08,0.3728571428571428,0.8653789239124223,0.600131136631545,1.1306267111932995
chr1,206586304,206586305,.,20.031228147584045,-,m:30,61,m:1,56,m:49.18,m:1.79,0.4918033,0.017857144,1.3610789e-09,0.4739461358313817,1.2863390405021604,0.9236101972784048,1.649067883725916
chr1,206586327,206586328,.,55.58006427020675,+,m:118,148,m:5,69,m:79.73,m:7.25,0.7972973,0.072463766,0.0,0.727536231884058,1.6624519260474515,1.376743824859418,1.948160027235485
chr1,206586328,206586329,.,51.65308431437148,-,m:86,119,m:5,87,m:72.27,m:5.75,0.7226891,0.057471264,0.0,0.6625287356321838,1.5482140708104373,1.2717437005193462,1.8246844411015284
chr1,206586422,206586423,.,81.0125819521632,+,m:127,182,m:0,98,m:69.78,m:0.00,0.6978022,0.0,0.0,0.7,1.9775221401807723,1.731950407295942,2.2230938730656025
chr1,206586423,206586424,.,64.18469250557467,-,m:92,127,m:3,97,m:72.44,m:3.09,0.72440946,0.030927835,0.0,0.6890721649484536,1.6826745944095274,1.418382378284764,1.9469668105342908
chr1,206586453,206586454,.,16.508069837854293,+,m:45,184,m:2,110,m:24.46,m:1.82,0.24456522,0.018181818,2.9434657132e-06,0.22,0.7640964066996229,0.5278764953751749,1.0003163180240708
chr1,206586454,206586455,.,9.210514319361096,-,m:20,110,m:1,90,m:18.18,m:1.11,0.18181819,0.011111111,0.000113560951229,0.1688888888888889,0.6698104571324482,0.3912333067756909,0.9483876074892056
chr1,206586494,206586495,.,69.66284182365132,+,m:109,155,m:2,99,m:70.32,m:2.02,0.7032258,0.02020202,0.0,0.6797979797979797,1.7041297727524722,1.451966691304679,1.9562928542002656
chr1,206586495,206586496,.,55.590908410055874,-,m:77,107,m:3,89,m:71.96,m:3.37,0.7196262,0.033707865,0.0,0.6862921348314607,1.6562737699485857,1.375090657075431,1.93745688282174
chr1,206586496,206586497,.,60.67869873894921,+,m:104,148,m:2,85,m:70.27,m:2.35,0.7027027,0.023529412,0.0,0.676470588235294,1.6802165938511715,1.4134780776463225,1.946955110056021
chr1,206586497,206586498,.,51.20493903974398,-,m:71,85,m:4,66,m:83.53,m:6.06,0.8352941,0.060606062,0.0,0.7746880570409982,1.8083177011693687,1.4867627996201849,2.1298726027185526
chr1,206586508,206586509,.,89.11408357502006,+,m:128,164,m:2,104,m:78.05,m:1.92,0.7804878,0.01923077,0.0,0.76,1.8881132699635883,1.6424292586001867,2.1337972813269905
chr1,206586509,206586510,.,78.1281294102559,-,m:90,107,m:2,88,m:84.11,m:2.27,0.8411215,0.022727273,0.0,0.8172727272727273,2.018957167444372,1.736903226770245,2.3010111081184985
chr1,206586510,206586511,.,97.88330655858029,+,m:143,180,m:2,108,m:79.44,m:1.85,0.79444444,0.018518519,0.0,0.77,1.92746707459302,1.6889078554307322,2.166026293755307
chr1,206586511,206586512,.,78.64334159898357,-,m:90,110,m:1,88,m:81.82,m:1.14,0.8181818,0.011363637,0.0,0.8086363636363636,2.046964725838265,1.7666518755091154,2.327277576167416
chr1,206586518,206586519,.,83.66459370654144,+,m:147,183,m:3,90,m:80.33,m:3.33,0.8032787,0.033333335,0.0,0.7666666666666667,1.8553115608244832,1.6029735850050488,2.1076495366439176
chr1,206586519,206586520,.,81.37800947906351,-,m:106,129,m:2,90,m:82.17,m:2.22,0.8217054,0.022222223,0.0,0.7977777777777777,1.9704840028085444,1.701297029993167,2.239670975623922
chr1,206586536,206586537,.,55.137803728222366,+,m:95,151,m:1,87,m:62.91,m:1.15,0.62913907,0.011494253,0.0,0.6185057471264368,1.617200344606902,1.3533920359265332,1.8810086532872703
chr1,206586537,206586538,.,41.70062140633448,-,m:77,115,m:4,77,m:66.96,m:5.19,0.6695652,0.051948052,0.0,0.6180519480519481,1.45690448238445,1.1682991024300968,1.745509862338803
chr1,206586546,206586547,.,54.63549055425375,+,m:90,175,m:0,106,m:51.43,m:0.00,0.51428574,0.0,0.0,0.51,1.5993717019894922,1.3581428255778416,1.8406005784011428
chr1,206586547,206586548,.,56.89386891435163,-,m:72,112,m:0,87,m:64.29,m:0.00,0.64285713,0.0,0.0,0.64,1.8605480104602723,1.5804526007175894,2.1406434202029554
chr1,206586578,206586579,.,79.1074752231001,+,m:125,173,m:1,98,m:72.25,m:1.02,0.72254336,0.010204081,0.0,0.7097959183673469,1.8296917402478512,1.581894396282451,2.0774890842132514
chr1,206586579,206586580,.,43.536815527383965,-,m:59,91,m:2,82,m:64.84,m:2.44,0.64835167,0.024390243,0.0,0.6239614044492093,1.5584036449015428,1.259972929352031,1.8568343604510549
chr1,206586580,206586581,.,82.3111713659004,+,m:96,128,m:0,99,m:75.00,m:0.00,0.75,0.0,0.0,0.75,2.0943951023931957,1.832070853824523,2.356719350961868
chr1,206586581,206586582,.,38.152440618456296,-,m:65,83,m:6,64,m:78.31,m:9.38,0.78313255,0.09375,0.0,0.6893825301204819,1.5503951913288132,1.2243500556999392,1.8764403269576877
chr1,206586591,206586592,.,75.80915503191136,+,m:127,137,m:4,61,m:92.70,m:6.56,0.9270073,0.06557377,0.0,0.8644262295081968,2.076533526908466,1.7748472988966393,2.378219754920293
chr1,206586592,206586593,.,101.1542236047319,-,m:118,127,m:2,83,m:92.91,m:2.41,0.92913383,0.024096385,0.0,0.9059036144578314,2.290960121002631,2.014318938884955,2.5676013031203078
chr1,206586599,206586600,.,60.97430854809159,+,m:96,164,m:0,99,m:58.54,m:0.00,0.58536583,0.0,0.0,0.59,1.742368514614312,1.492916828420528,1.991820200808096
chr1,206586600,206586601,.,37.955759940362896,-,m:64,130,m:1,91,m:49.23,m:1.10,0.4923077,0.010989011,5e-16,0.479010989010989,1.3453682369084083,1.0774811031551248,1.613255370661692
chr1,206586607,206586608,.,95.12422415819373,+,m:146,187,m:0,93,m:78.07,m:0.00,0.78074867,0.0,0.0,0.78,2.166990528171534,1.918296802148662,2.4156842541944057
chr1,206586608,206586609,.,82.85334631090382,-,m:95,116,m:1,92,m:81.90,m:1.09,0.8189655,0.010869565,0.0,0.8091304347826086,2.0537108729452287,1.7800851952433971,2.32733655064706
chr1,206586611,206586612,.,74.33726439187524,+,m:115,168,m:1,103,m:68.45,m:0.97,0.6845238,0.009708738,0.0,0.67,1.7513943134935264,1.5061158125615783,1.9966728144254744
chr1,206586612,206586613,.,41.93280128910615,-,m:49,77,m:0,68,m:63.64,m:0.00,0.6363636,0.0,0.0,0.6363636363636364,1.8470229350300504,1.520861752369964,2.1731841176901363
chr1,206586627,206586628,.,67.98634851926676,+,m:111,172,m:0,93,m:64.53,m:0.00,0.64534885,0.0,0.0,0.65,1.865752267511552,1.6134824283795617,2.1180221066435427
chr1,206586628,206586629,.,47.54674423438985,-,m:66,117,m:0,86,m:56.41,m:0.00,0.5641026,0.0,0.0,0.56,1.69935533923173,1.4209651325155477,1.9777455459479123
chr1,206586655,206586656,.,58.98954249418097,+,m:107,153,m:2,82,m:69.93,m:2.44,0.6993464,0.024390243,0.0,0.6756097560975609,1.6672560295685577,1.3990124224118956,1.93549963672522
chr1,206586656,206586657,.,81.12537923077184,-,m:100,125,m:0,83,m:80.00,m:0.00,0.8,0.0,0.0,0.8,2.214297465390504,1.9367829487261357,2.4918119820548728
chr1,206586666,206586667,.,81.56183999285156,+,m:130,170,m:2,96,m:76.47,m:2.08,0.7647059,0.020833334,0.0,0.7391666666666666,1.8390164014812656,1.5887924764836436,2.0892403264788872
chr1,206586667,206586668,.,69.7737580741591,-,m:85,121,m:0,93,m:70.25,m:0.00,0.70247936,0.0,0.0,0.7,1.987730014837132,1.717445715655467,2.2580143140187965
chr1,206586678,206586679,.,134.48070450291715,+,m:176,195,m:0,98,m:90.26,m:0.00,0.9025641,0.0,0.0,0.9,2.50668794365698,2.263998124713312,2.7493777626006484
chr1,206586679,206586680,.,111.71553545295971,-,m:122,135,m:1,97,m:90.37,m:1.03,0.9037037,0.010309278,0.0,0.8896907216494846,2.307121045133663,2.0462419183752374,2.5680001718920886
chr1,206586683,206586684,.,140.6246004325389,+,m:171,183,m:0,95,m:93.44,m:0.00,0.93442625,0.0,0.0,0.93,2.623676054695118,2.375829354305452,2.871522755084784
chr1,206586684,206586685,.,97.04046552780112,-,m:110,120,m:3,90,m:91.67,m:3.33,0.9166667,0.033333335,0.0,0.8866666666666667,2.1886991517759484,1.9153952318907628,2.462003071661134
chr1,206586718,206586719,.,70.8782142668818,+,m:107,170,m:0,104,m:62.94,m:0.00,0.62941176,0.0,0.0,0.63,1.8326003411241667,1.5886046021501956,2.076596080098138
chr1,206586719,206586720,.,43.17053823224831,-,m:72,118,m:3,89,m:61.02,m:3.37,0.6101695,0.033707865,0.0,0.5762921348314607,1.4236694091714348,1.148501833995727,1.6988369843471427
chr1,206586769,206586770,.,55.33171535005695,+,m:116,159,m:4,78,m:72.96,m:5.13,0.7295597,0.051282052,0.0,0.6787179487179487,1.590926060052027,1.3199840174869677,1.8618681026170865
chr1,206586770,206586771,.,47.46337642072274,-,m:67,125,m:0,92,m:53.60,m:0.00,0.536,0.0,0.0,0.54,1.6428587071354652,1.3736252438605394,1.912092170410391
chr1,206586802,206586803,.,54.52235865863952,+,m:97,128,m:4,76,m:75.78,m:5.26,0.7578125,0.05263158,0.0,0.7073684210526316,1.6495785325966237,1.3657530442498582,1.9334040209433887
chr1,206586803,206586804,.,58.48714800975125,-,m:80,122,m:1,94,m:65.57,m:1.06,0.6557377,0.010638298,0.0,0.6493617021276596,1.6808898377858543,1.4119029411131494,1.9498767344585592
chr1,206586817,206586818,.,73.47102580621623,+,m:104,118,m:4,75,m:88.14,m:5.33,0.88135594,0.053333335,0.0,0.8266666666666667,1.9722047010022132,1.6827669931768807,2.261642408827546
chr1,206586818,206586819,.,90.75774915803066,-,m:92,99,m:1,77,m:92.93,m:1.30,0.9292929,0.012987013,0.0,0.9163059163059164,2.374883767208016,2.0770722665169314,2.6726952678991003
chr1,206586822,206586823,.,156.6131523601179,+,m:184,197,m:0,108,m:93.40,m:0.00,0.93401015,0.0,0.0,0.93,2.621997555188317,2.38733001562955,2.856665094747085
chr1,206586823,206586824,.,93.80532475921956,-,m:111,123,m:1,79,m:90.24,m:1.27,0.902439,0.012658228,0.0,0.8873417721518988,2.2807711511125373,1.9981805752834536,2.563361726941621
chr1,206586829,206586830,.,123.2347694848214,+,m:162,180,m:1,97,m:90.00,m:1.03,0.9,0.010309278,0.0,0.8896907216494846,2.2946716905390456,2.0478030895641064,2.541540291513985
chr1,206586830,206586831,.,99.67834584686898,-,m:118,131,m:1,84,m:90.08,m:1.19,0.90076333,0.011904762,0.0,0.8880952380952382,2.281987120858658,2.008024047138165,2.555950194579152
chr1,206586832,206586833,.,120.0332775424406,+,m:172,186,m:3,92,m:92.47,m:3.26,0.9247312,0.032608695,0.0,0.8873913043478261,2.222612161419589,1.9727962460062756,2.4724280768329026
chr1,206586833,206586834,.,53.606382093826255,-,m:81,89,m:2,45,m:91.01,m:4.44,0.9101124,0.044444446,0.0,0.8656679151061174,2.107775714321668,1.749267401683781,2.4662840269595554
chr1,206586846,206586847,.,121.76689451640247,+,m:165,184,m:0,89,m:89.67,m:0.00,0.8967391,0.0,0.0,0.9,2.487299398996372,2.2342382359345274,2.7403605620582168
chr1,206586847,206586848,.,94.01038429536652,-,m:110,126,m:0,80,m:87.30,m:0.00,0.8730159,0.0,0.0,0.87,2.4128792255787075,2.1326899972402797,2.693068453917136
chr1,206586880,206586881,.,100.64873683146811,+,m:138,160,m:2,94,m:86.25,m:2.13,0.8625,0.021276595,0.0,0.8387234042553191,2.0890562417789096,1.834349153482938,2.343763330074881
chr1,206586881,206586882,.,90.43738974598456,-,m:109,125,m:0,76,m:87.20,m:0.00,0.872,0.0,0.0,0.87,2.4098332518881764,2.124741720333555,2.694924783442798
chr1,206586906,206586907,.,79.86369801884604,+,m:123,180,m:0,101,m:68.33,m:0.00,0.68333334,0.0,0.0,0.68,1.946219943318168,1.7025486818978028,2.189891204738533
chr1,206586907,206586908,.,41.3194023572085,-,m:79,121,m:5,84,m:65.29,m:5.95,0.6528926,0.05952381,0.0,0.5904761904761905,1.388634064161867,1.1102831234651154,1.6669850048586188
chr1,206586928,206586929,.,74.00317630684867,+,m:130,179,m:2,94,m:72.63,m:2.13,0.72625697,0.021276595,0.0,0.7087234042553191,1.7476042198258996,1.4979499649019463,1.9972584747498527
chr1,206586929,206586930,.,68.99522599407368,-,m:87,122,m:0,88,m:71.31,m:0.00,0.71311474,0.0,0.0,0.71,2.011116894045508,1.7369995678382977,2.2852342202527183
chr1,206586957,206586958,.,169.1847349769223,+,m:191,197,m:1,109,m:96.95,m:0.92,0.96954316,0.0091743115,0.0,0.96,2.598899005566926,2.3649277841694034,2.8328702269644483
chr1,206586958,206586959,.,81.27051422212122,-,m:81,87,m:1,70,m:93.10,m:1.43,0.9310345,0.014285714,0.0,0.9167487684729064,2.370515935571965,2.055821349915949,2.6852105212279804
chr1,206586965,206586966,.,97.34352666947905,+,m:143,167,m:2,90,m:85.63,m:2.22,0.8562874,0.022222223,0.0,0.8377777777777777,2.064699881751578,1.8084078155169865,2.32099194798617
chr1,206586966,206586967,.,77.14731184724269,-,m:94,122,m:0,86,m:77.05,m:0.00,0.7704918,0.0,0.0,0.77,2.142402460560498,1.866439613052426,2.41836530806857
chr1,206586988,206586989,.,137.73282706223392,+,m:175,188,m:3,108,m:93.09,m:2.78,0.93085104,0.027777778,0.0,0.9,2.274514771507507,2.037866604909893,2.5111629381051213
chr1,206586989,206586990,.,117.937380756744,-,m:125,134,m:0,87,m:93.28,m:0.00,0.9328358,0.0,0.0,0.93,2.617286772722668,2.3474306958447397,2.887142849600597
chr1,206586993,206586994,.,98.17509509636488,+,m:130,151,m:2,94,m:86.09,m:2.13,0.86092716,0.021276595,0.0,0.8387234042553191,2.0844998929263783,1.8269990039196955,2.342000781933061
chr1,206586994,206586995,.,91.72308145053648,-,m:110,122,m:1,77,m:90.16,m:1.30,0.90163934,0.012987013,0.0,0.887012987012987,2.2751587059083582,1.989893140204804,2.5604242716119128
chr1,206586997,206586998,.,130.8650919416068,+,m:174,189,m:2,100,m:92.06,m:2.00,0.9206349,0.02,0.0,0.9,2.2866300665095607,2.044267183310807,2.5289929497083143
chr1,206586998,206586999,.,105.0389315804573,-,m:116,126,m:0,79,m:92.06,m:0.00,0.9206349,0.0,0.0,0.92,2.5704241725247825,2.289152365477485,2.85169597957208
chr1,206587004,206587005,.,155.53696612663862,+,m:196,206,m:2,107,m:95.15,m:1.87,0.9514563,0.018691588,0.0,0.93,2.4230012032503674,2.1894431961976517,2.6565592103030835
chr1,206587005,206587006,.,106.62546461176127,-,m:114,123,m:1,87,m:92.68,m:1.15,0.9268293,0.011494253,0.0,0.9185057471264368,2.3789307150790213,2.1043654739897555,2.653495956168287
chr1,206587012,206587013,.,27.26545514650246,+,m:54,190,m:0,108,m:28.42,m:0.00,0.28421053,0.0,1.3018091e-09,0.28,1.1245539457425302,0.8883606616000339,1.3607472298850265
chr1,206587013,206587014,.,9.63014802842082,-,m:16,111,m:0,89,m:14.41,m:0.00,0.14414415,0.0,0.0012365628283431,0.14,0.77886442679905,0.4999913449448577,1.057737508653242
chr1,206587017,206587018,.,13.094983440101371,+,m:32,171,m:1,109,m:18.71,m:0.92,0.1871345,0.0091743115,2.29933059304e-05,0.18,0.7028686419657373,0.4626449692348727,0.9430923146966018
chr1,206587018,206587019,.,10.826503854667862,-,m:20,98,m:1,94,m:20.41,m:1.06,0.20408164,0.010638298,1.37619964797e-05,0.1934433347807208,0.7308089805451023,0.4478511345791146,1.0137668265110902
chr1,206587020,206587021,.,25.995549899809475,+,m:45,143,m:0,95,m:31.47,m:0.00,0.3146853,0.0,1.793427e-10,0.31,1.1911097671624171,0.9316878000213364,1.4505317343034978
chr1,206587021,206587022,.,22.754453340191475,-,m:34,92,m:0,72,m:36.96,m:0.00,0.36956522,0.0,1.880129e-10,0.3695652173913043,1.3068734813495673,0.9984766883809622,1.6152702743181724
chr1,206587028,206587029,.,32.86050954180433,+,m:71,142,m:2,81,m:50.00,m:2.47,0.5,0.024691358,9.68e-14,0.4753086419753086,1.2552187695046624,0.982312293865607,1.5281252451437175
chr1,206587029,206587030,.,15.325542192687408,-,m:20,86,m:0,90,m:23.26,m:0.00,0.23255815,0.0,6.533111329e-07,0.2325581395348837,1.0064262217123865,0.7108741931158719,1.3019782503089012
chr1,206587031,206587032,.,44.20469713385114,+,m:74,161,m:0,100,m:45.96,m:0.00,0.45962733,0.0,0.0,0.46,1.4899629882644378,1.2404142337452857,1.73951174278359
chr1,206587032,206587033,.,33.96557170199446,-,m:48,110,m:0,88,m:43.64,m:0.00,0.43636364,0.0,4.6e-15,0.44,1.443177471388733,1.162864621059583,1.7234903217178832
chr1,206587034,206587035,.,95.1732601162302,+,m:131,165,m:1,102,m:79.39,m:0.98,0.7939394,0.009803922,0.0,0.78,2.000875996794546,1.754009778778665,2.247742214810428
chr1,206587035,206587036,.,63.60968415801,-,m:79,111,m:1,92,m:71.17,m:1.09,0.7117117,0.010869565,0.0,0.6991304347826086,1.7991231869989437,1.5227851253700242,2.0754612486278625
chr1,206587036,206587037,.,126.13591117990252,+,m:157,180,m:0,104,m:87.22,m:0.00,0.87222224,0.0,0.0,0.87,2.4104987858305527,2.1690892956735146,2.6519082759875907
chr1,206587037,206587038,.,84.89679404245089,-,m:101,125,m:1,95,m:80.80,m:1.05,0.808,0.010526316,0.0,0.7994736842105263,2.028893796860578,1.7621203364031357,2.29566725731802
chr1,206587052,206587053,.,123.28308100784524,+,m:193,198,m:5,79,m:97.47,m:6.33,0.9747475,0.06329114,0.0,0.9067088607594936,2.313799492259383,2.052978925208647,2.574620059310119
chr1,206587053,206587054,.,113.23367414193469,-,m:117,125,m:1,91,m:93.60,m:1.10,0.936,0.010989011,0.0,0.929010989010989,2.420026738568317,2.1499424854916263,2.690110991645008
chr1,206587055,206587056,.,163.77688389022887,+,m:198,203,m:2,103,m:97.54,m:1.94,0.97536945,0.019417476,0.0,0.96,2.546804102869299,2.309698305444939,2.783909900293659
chr1,206587056,206587057,.,119.99727356221996,-,m:126,133,m:1,91,m:94.74,m:1.10,0.94736844,0.010989011,0.0,0.939010989010989,2.468595155525945,2.2019549818419777,2.7352353292099125
chr1,206587057,206587058,.,176.27847536703854,+,m:204,209,m:1,108,m:97.61,m:0.93,0.97607654,0.009259259,0.0,0.97,2.6382532387272835,2.4059834626058016,2.8705230148487653
chr1,206587058,206587059,.,101.93470798292476,-,m:112,125,m:1,91,m:89.60,m:1.10,0.896,0.010989011,0.0,0.8890109890109891,2.274831510974783,2.0047472578980923,2.544915764051474
chr1,206587066,206587067,.,95.14199910316825,+,m:141,167,m:2,91,m:84.43,m:2.20,0.84431136,0.021978023,0.0,0.818021978021978,2.032787575959341,1.7774122039601068,2.2881629479585746
chr1,206587067,206587068,.,83.52460568753429,-,m:99,123,m:0,86,m:80.49,m:0.00,0.80487806,0.0,0.0,0.8,2.2265491708947245,1.951050535057824,2.502047806731625
chr1,206587069,206587070,.,121.15034215645473,+,m:147,163,m:1,99,m:90.18,m:1.01,0.9018405,0.01010101,0.0,0.88989898989899,2.302904403356922,2.053164846259445,2.552643960454399
chr1,206587070,206587071,.,106.2248971112482,-,m:112,125,m:1,97,m:89.60,m:1.03,0.896,0.010309278,0.0,0.8896907216494846,2.281454604656323,2.0162483852342823,2.5466608240783635
chr1,206587071,206587072,.,141.31893396794732,+,m:163,173,m:1,102,m:94.22,m:0.98,0.94219655,0.009803922,0.0,0.93,2.457633909513817,2.212957949786128,2.702309869241508
chr1,206587072,206587073,.,90.04116117018361,-,m:93,109,m:1,96,m:85.32,m:1.04,0.853211,0.010416667,0.0,0.8395833333333333,2.1507462891266638,1.876414487245884,2.4250780910074425
chr1,206587073,206587074,.,165.15669292608771,+,m:180,187,m:0,106,m:96.26,m:0.00,0.96256685,0.0,0.0,0.96,2.752183957740259,2.513892669413998,2.9904752460665205
chr1,206587074,206587075,.,82.49869248193971,-,m:83,102,m:0,91,m:81.37,m:0.00,0.8137255,0.0,0.0,0.81,2.249071540978295,1.9664495422208763,2.531693539735713
chr1,206587077,206587078,.,131.22084720532945,+,m:155,177,m:0,110,m:87.57,m:0.00,0.8757062,0.0,0.0,0.88,2.420996334250749,2.183035181760549,2.658957486740948
chr1,206587078,206587079,.,80.68615801088612,-,m:94,115,m:0,81,m:81.74,m:0.00,0.8173913,0.0,0.0,0.82,2.258523398651463,1.974218268053016,2.5428285292499098
chr1,206587081,206587082,.,143.3737154960628,+,m:168,183,m:0,105,m:91.80,m:0.00,0.91803277,0.0,0.0,0.92,2.560868415513234,2.3209165445953186,2.8008202864311498
chr1,206587082,206587083,.,72.80127688563806,-,m:101,110,m:3,63,m:91.82,m:4.76,0.91818184,0.04761905,0.0,0.8723809523809525,2.1214361129831,1.811762268831199,2.4311099571350008
chr1,206587087,206587088,.,37.64673755223629,+,m:69,145,m:2,102,m:47.59,m:1.96,0.47586206,0.019607844,3e-15,0.4599999999999999,1.241522258970415,0.9882355036114736,1.4948090143293562
chr1,206587088,206587089,.,28.743257718749305,-,m:46,123,m:0,87,m:37.40,m:0.00,0.37398374,0.0,3.7472e-12,0.37,1.316016324955379,1.0414510838661126,1.5905815660446447
chr1,206587089,206587090,.,47.658036669014,+,m:82,152,m:2,106,m:53.95,m:1.89,0.5394737,0.018867925,0.0,0.52,1.3742335404098014,1.1262155310777742,1.6222515497418286
chr1,206587090,206587091,.,25.679600498609773,-,m:39,102,m:1,95,m:38.24,m:1.05,0.38235295,0.010526316,6.8265e-12,0.3694736842105263,1.1277177872145356,0.8482580054460622,1.407177568983009
chr1,206587092,206587093,.,62.82559620818603,+,m:106,172,m:1,102,m:61.63,m:0.98,0.61627907,0.009803922,0.0,0.61,1.607148906399416,1.362209273227874,1.852088539570958
chr1,206587093,206587094,.,43.164091947429085,-,m:61,115,m:0,85,m:53.04,m:0.00,0.5304348,0.0,0.0,0.53,1.6317035521792638,1.3513508761980937,1.912056228160434
chr1,206587105,206587106,.,10.317288455248727,+,m:28,176,m:1,106,m:15.91,m:0.94,0.1590909,0.009433962,0.0002910784780156,0.15,0.6259871616797827,0.3850169391919329,0.8669573841676326
chr1,206587106,206587107,.,9.444606577373492,-,m:22,81,m:1,57,m:27.16,m:1.75,0.27160493,0.01754386,4.71261122878e-05,0.2540610786224821,0.8307255517484858,0.491875390264717,1.1695757132322546
chr1,206587118,206587119,.,38.45834225065806,+,m:88,163,m:2,81,m:53.99,m:2.47,0.5398773,0.024691358,2.2e-15,0.5153086419753087,1.3350581538577444,1.0686136951646954,1.6015026125507934
chr1,206587119,206587120,.,36.66263920486716,-,m:51,90,m:0,66,m:56.67,m:0.00,0.56666666,0.0,1e-16,0.5666666666666667,1.7045279081859537,1.3869010873550311,2.022154729016876
chr1,206587149,206587150,.,15.496066935924375,+,m:32,185,m:0,108,m:17.30,m:0.00,0.17297298,0.0,3.5701846415e-05,0.17,0.8578649050187368,0.620517679569191,1.0952121304682827
chr1,206587150,206587151,.,16.286091362814602,-,m:26,115,m:0,91,m:22.61,m:0.00,0.22608696,0.0,3.359164212e-07,0.23,0.991032846561454,0.7160458960717857,1.266019797051122
chr1,206587153,206587154,.,32.13223715232101,+,m:66,175,m:1,105,m:37.71,m:0.95,0.37714285,0.00952381,2.4131e-12,0.37,1.1270486413444285,0.8851054344487645,1.3689918482400925
chr1,206587154,206587155,.,30.50464075917307,-,m:50,110,m:1,85,m:45.45,m:1.18,0.45454547,0.011764706,1.404e-13,0.438235294117647,1.2624034944016636,0.9793558197953564,1.5454511690079706
chr1,206587174,206587175,.,37.89333569641764,+,m:79,151,m:0,67,m:52.32,m:0.00,0.5231788,0.0,1.8e-15,0.52,1.6171705785462505,1.3294635558315189,1.9048776012609825
chr1,206587175,206587176,.,13.665951872189908,-,m:22,85,m:1,90,m:25.88,m:1.11,0.25882354,0.011111111,7.414938685e-07,0.2477124183006536,0.8562466680430171,0.5598069457213838,1.1526863903646505
chr1,206587177,206587178,.,30.652659156067443,+,m:60,178,m:0,99,m:33.71,m:0.00,0.33707866,0.0,5.7129e-12,0.34,1.2388934120424584,0.99316216925842,1.4846246548264967
chr1,206587178,206587179,.,13.523087721978245,-,m:23,93,m:1,92,m:24.73,m:1.09,0.24731183,0.010869565,8.381131447e-07,0.2364422627395979,0.8320842646864128,0.5438812181963976,1.120287311176428
chr1,206587181,206587182,.,45.253625124785,+,m:71,144,m:0,95,m:49.31,m:0.00,0.49305555,0.0,0.0,0.49,1.5569069847132293,1.297844818419467,1.8159691510069915
chr1,206587182,206587183,.,22.836080161704075,-,m:53,87,m:5,60,m:60.92,m:8.33,0.6091954,0.083333336,7.11935e-11,0.5258620689655172,1.2052759580071395,0.8763701770201315,1.5341817389941474
chr1,206587216,206587217,.,82.2037400093597,+,m:131,190,m:0,101,m:68.95,m:0.00,0.6894737,0.0,0.0,0.69,1.9594549016919451,1.7180994582710656,2.200810345112825
chr1,206587217,206587218,.,43.8727462356328,-,m:59,100,m:1,87,m:59.00,m:1.15,0.59,0.011494253,0.0,0.5785057471264368,1.5369473077370417,1.2495985870240731,1.82429602845001
chr1,206587230,206587231,.,132.82011739633498,+,m:160,179,m:0,104,m:89.39,m:0.00,0.89385474,0.0,0.0,0.89,2.477878332687265,2.236222031615068,2.7195346337594617
chr1,206587231,206587232,.,97.2698176256061,-,m:119,134,m:1,84,m:88.81,m:1.19,0.8880597,0.011904762,0.0,0.8780952380952382,2.240631384508786,1.9678691148180916,2.513393654199481
chr1,206587241,206587242,.,83.95309945990971,+,m:130,172,m:2,102,m:75.58,m:1.96,0.75581396,0.019607844,0.0,0.74,1.8268953104297407,1.581955677258199,2.0718349436012837
chr1,206587242,206587243,.,78.26829520207104,-,m:88,110,m:1,93,m:80.00,m:1.08,0.8,0.010752688,0.0,0.789247311827957,2.006533649282047,1.7304388073525585,2.2826284912115358
chr1,206587244,206587245,.,112.13730857411385,+,m:155,188,m:1,109,m:82.45,m:0.92,0.8244681,0.0091743115,0.0,0.8099999999999999,2.085122297531869,1.8491646041338896,2.3210799909298485
chr1,206587245,206587246,.,72.14893645696122,-,m:99,132,m:1,89,m:75.00,m:1.12,0.75,0.011235955,0.0,0.7387640449438202,1.881996501501648,1.613176079244858,2.1508169237584376
chr1,206587270,206587271,.,36.03675656583289,+,m:62,122,m:2,92,m:50.82,m:2.17,0.5081967,0.02173913,1.3e-15,0.4882608695652174,1.291227559963143,1.020594312626094,1.5618608073001927
chr1,206587271,206587272,.,20.75416451397268,-,m:26,64,m:1,81,m:40.62,m:1.23,0.40625,0.012345679,7.379146e-10,0.3939043209876543,1.1594979111045642,0.8317049709536524,1.487290851255476
chr1,206587272,206587273,.,58.136964124879455,+,m:88,140,m:1,96,m:62.86,m:1.04,0.62857145,0.010416667,0.0,0.6195833333333334,1.6263806433015564,1.3666612030871517,1.8861000835159607
chr1,206587273,206587274,.,32.254081952483205,-,m:36,79,m:0,88,m:45.57,m:0.00,0.4556962,0.0,1.49e-14,0.4556962025316455,1.4820723583334536,1.1782977672865789,1.7858469493803284
chr1,206587276,206587277,.,40.28953137710317,+,m:81,177,m:1,100,m:45.76,m:1.00,0.45762712,0.01,1e-15,0.45,1.2856139542595266,1.0404247510184297,1.5308031575006238
chr1,206587277,206587278,.,33.35455030130498,-,m:59,104,m:2,73,m:56.73,m:2.74,0.5673077,0.02739726,2.3e-15,0.5426027397260273,1.3732487585986504,1.0739832784371588,1.672514238760142
chr1,206587285,206587286,.,47.55542096120428,+,m:98,155,m:3,84,m:63.23,m:3.57,0.63225806,0.035714287,0.0,0.5942857142857143,1.458247242513607,1.1927001507914197,1.7237943342357944
chr1,206587286,206587287,.,47.34535652444981,-,m:63,102,m:1,87,m:61.76,m:1.15,0.61764705,0.011494253,0.0,0.6085057471264368,1.5934820661652245,1.3074469982528518,1.879517134077597
chr1,206587288,206587289,.,48.296007433681325,+,m:88,161,m:2,103,m:54.66,m:1.94,0.54658383,0.019417476,0.0,0.53,1.3844962045560425,1.1371994003290429,1.631793008783042
chr1,206587289,206587290,.,36.530524047621725,-,m:49,110,m:0,94,m:44.55,m:0.00,0.44545454,0.0,3e-16,0.45,1.461487856714208,1.1861899524100257,1.7367857610183903
chr1,206587310,206587311,.,55.87931421816148,+,m:103,186,m:1,105,m:55.38,m:0.95,0.55376345,0.00952381,0.0,0.54,1.4830403524551177,1.243795025407372,1.7222856795028634
chr1,206587311,206587312,.,74.56823050079998,-,m:79,105,m:0,94,m:75.24,m:0.00,0.75238097,0.0,0.0,0.75,2.099902494200173,1.8216006700941807,2.3782043183061647
chr1,206587313,206587314,.,74.63612610483682,+,m:118,169,m:2,106,m:69.82,m:1.89,0.69822484,0.018867925,0.0,0.6799999999999999,1.7028502696880097,1.4600114278196716,1.9456891115563475
chr1,206587314,206587315,.,81.84396615495848,-,m:97,123,m:1,97,m:78.86,m:1.03,0.7886179,0.010309278,0.0,0.7796907216494846,1.982716094007698,1.7165694412379382,2.248862746777458
chr1,206587344,206587345,.,60.4008605043519,+,m:137,180,m:4,75,m:76.11,m:5.33,0.76111114,0.053333335,0.0,0.7066666666666667,1.6541634358282986,1.3847921514727952,1.923534720183802
chr1,206587345,206587346,.,62.407146686769806,-,m:81,121,m:0,88,m:66.94,m:0.00,0.6694215,0.0,0.0,0.67,1.916483190524025,1.6418916125328074,2.1910747685152425
chr1,206587373,206587374,.,34.68102849508995,+,m:62,162,m:0,98,m:38.27,m:0.00,0.38271606,0.0,1.504e-13,0.38,1.3340223041957218,1.0832011165648625,1.5848434918265812
chr1,206587374,206587375,.,45.37981281894753,-,m:70,108,m:2,80,m:64.81,m:2.50,0.6481481,0.025,0.0,0.625,1.5540483102783076,1.2649336298948104,1.8431629906618048
chr1,206587376,206587377,.,42.23645410730137,+,m:55,84,m:0,62,m:65.48,m:0.00,0.6547619,0.0,0.0,0.6547619047619048,1.885488547245614,1.5573259871259182,2.21365110736531
chr1,206587377,206587378,.,40.25751513276414,-,m:44,51,m:0,37,m:86.27,m:0.00,0.8627451,0.0,0.0,0.8627450980392157,2.382542731335902,1.9592863866173544,2.80579907605445
chr1,206587397,206587398,.,48.50284505179684,+,m:105,182,m:3,97,m:57.69,m:3.09,0.5769231,0.030927835,0.0,0.5490721649484536,1.3716909579499834,1.1252978069660344,1.6180841089339324
chr1,206587398,206587399,.,33.24670598572308,-,m:57,111,m:1,76,m:51.35,m:1.32,0.5135135,0.013157895,9e-15,0.4968421052631579,1.3679047872881929,1.0760944928810603,1.6597150816953254
chr1,206587409,206587410,.,122.73741595966624,+,m:162,179,m:2,100,m:90.50,m:2.00,0.9050279,0.02,0.0,0.89,2.231249582804452,1.986555381790816,2.475943783818088
chr1,206587410,206587411,.,71.18973720854953,-,m:71,81,m:0,66,m:87.65,m:0.00,0.8765432,0.0,0.0,0.8765432098765432,2.4235371037459563,2.0985304283297395,2.748543779162173
chr1,206587433,206587434,.,17.807809273435453,+,m:38,165,m:0,89,m:23.03,m:0.00,0.23030303,0.0,4.200094506e-07,0.23,1.0010791338435343,0.7433117439941743,1.2588465236928943
chr1,206587434,206587435,.,12.333359275635416,-,m:27,123,m:1,90,m:21.95,m:1.11,0.2195122,0.011111111,5.711668034e-06,0.2088888888888889,0.7640216007481953,0.4921498509994235,1.035893350496967
chr1,206587505,206587506,.,46.14983225676065,+,m:86,167,m:1,98,m:51.50,m:1.02,0.51497006,0.010204081,0.0,0.4997959183673469,1.3983652465513987,1.1489633483546444,1.647767144748153
chr1,206587506,206587507,.,42.12902597214051,-,m:60,93,m:0,61,m:64.52,m:0.00,0.6451613,0.0,0.0,0.6451612903225806,1.8653602070597488,1.5424349160245845,2.1882854980949125
chr1,206587512,206587513,.,54.76944892024528,+,m:98,170,m:1,98,m:57.65,m:1.02,0.5764706,0.010204081,0.0,0.5697959183673469,1.5219644769374043,1.2733777194720148,1.7705512344027938
chr1,206587513,206587514,.,53.50425330445802,-,m:71,117,m:0,88,m:60.68,m:0.00,0.60683763,0.0,0.0,0.61,1.78613189709464,1.5095710131690467,2.0626927810202336
chr1,206587525,206587526,.,36.144824980948215,+,m:85,190,m:3,108,m:44.74,m:2.78,0.4473684,0.027777778,7.161e-13,0.42,1.1304416259237606,0.8942483417812643,1.366634910066257
chr1,206587526,206587527,.,29.808860708439965,-,m:48,101,m:1,79,m:47.52,m:1.27,0.47524753,0.012658228,5.24e-14,0.4673417721518987,1.2957761197886886,1.001394892855157,1.59015734672222
chr1,206587539,206587540,.,53.17424221531792,+,m:101,188,m:1,104,m:53.72,m:0.96,0.53723407,0.009615385,0.0,0.53,1.4489016669448838,1.2093804869950249,1.6884228468947426
chr1,206587540,206587541,.,53.20342224033317,-,m:75,104,m:1,72,m:72.12,m:1.39,0.72115386,0.013888889,0.0,0.7061111111111111,1.7927151561852233,1.492231048823455,2.093199263546992
chr1,206587552,206587553,.,34.585037639397285,+,m:66,184,m:0,104,m:35.87,m:0.00,0.35869566,0.0,7.032e-13,0.36,1.284283753317749,1.043837090550588,1.5247304160849098
chr1,206587553,206587554,.,23.856840773335364,-,m:39,132,m:0,96,m:29.55,m:0.00,0.29545453,0.0,3.771928e-10,0.3,1.149338728636407,0.8864373083060264,1.4122401489667875
chr1,206587730,206587731,.,64.30330991644291,+,m:105,154,m:2,96,m:68.18,m:2.08,0.6818182,0.020833334,0.0,0.6591666666666667,1.6532778740446232,1.398405879024354,1.9081498690648928
chr1,206587731,206587732,.,59.14518472816036,-,m:73,108,m:0,84,m:67.59,m:0.00,0.6759259,0.0,0.0,0.68,1.9303450201360848,1.645212216372845,2.215477823899325
chr1,206587744,206587745,.,14.568336990673942,+,m:52,125,m:6,76,m:41.60,m:7.89,0.416,0.078947365,7.278720467e-07,0.3410526315789474,0.8323745557518325,0.5472830241972108,1.1174660873064544
chr1,206587745,206587746,.,28.69940500499814,-,m:34,63,m:0,60,m:53.97,m:0.00,0.53968257,0.0,4.117e-13,0.5396825396825397,1.650245015927793,1.2966918367387916,2.0037981951167945
chr1,206587761,206587762,.,72.64722028866976,+,m:124,182,m:2,105,m:68.13,m:1.90,0.6813187,0.01904762,0.0,0.66,1.6649826080515264,1.4247905209648173,1.905174695138236
chr1,206587762,206587763,.,71.7006127787269,-,m:90,125,m:0,90,m:72.00,m:0.00,0.72,0.0,0.0,0.72,2.026395063910767,1.7554438757771045,2.297346252044429
chr1,206587798,206587799,.,54.45167428391352,+,m:126,174,m:9,96,m:72.41,m:9.38,0.7241379,0.09375,0.0,0.62625,1.413263386106907,1.1640796274204384,1.6624471447933755
chr1,206587799,206587800,.,40.53762607802207,-,m:80,117,m:7,85,m:68.38,m:8.24,0.6837607,0.08235294,0.0,0.5976470588235294,1.3650100095429512,1.0856775650290873,1.644342454056815
chr1,206587862,206587863,.,123.84637574172422,+,m:166,190,m:1,105,m:87.37,m:0.95,0.8736842,0.00952381,0.0,0.86,2.219397643734172,1.981062739825215,2.457732547643128
chr1,206587863,206587864,.,71.47802974334644,-,m:107,130,m:5,89,m:82.31,m:5.62,0.8230769,0.056179777,0.0,0.763820224719101,1.7947302202933737,1.5250783300800963,2.0643821105066507
chr1,206587962,206587963,.,39.15415444084943,+,m:107,157,m:9,83,m:68.15,m:10.84,0.6815287,0.10843374,2.7e-15,0.571566265060241,1.271234417976436,1.005244705822799,1.5372241301300729
chr1,206587963,206587964,.,21.63157998895727,-,m:73,119,m:13,82,m:61.34,m:15.85,0.6134454,0.15853658,1.479598e-09,0.4514634146341463,0.9806458916149294,0.699348494987432,1.2619432882424269
chr1,206587995,206587996,.,73.66241098988473,+,m:150,172,m:13,94,m:87.21,m:13.83,0.872093,0.13829787,0.0,0.7317021276595744,1.6480358054683062,1.3966384186284944,1.899433192308118
chr1,206587996,206587997,.,57.15802326995771,-,m:116,128,m:18,86,m:90.62,m:20.93,0.90625,0.20930232,0.0,0.7006976744186046,1.568870477112538,1.295594933276838,1.8421460209482377
chr1,206588088,206588089,.,15.704385645935588,+,m:63,181,m:7,103,m:34.81,m:6.80,0.3480663,0.067961164,2.3435668334e-06,0.2799999999999999,0.7345657429825059,0.4926582273864245,0.9764732585785872
chr1,206588089,206588090,.,18.012812459661973,-,m:51,128,m:5,88,m:39.84,m:5.68,0.3984375,0.056818184,3.64278194e-08,0.3431818181818182,0.8848826301411254,0.6134708798779427,1.1562943804043082
chr1,206588173,206588174,.,12.868766327676212,+,m:176,185,m:72,98,m:95.14,m:73.47,0.95135134,0.7346939,8.54841362218e-05,0.2153061224489795,0.6374128644579651,0.3925390159790793,0.8822867129368508
chr1,206588174,206588175,.,10.57919743761721,-,m:118,126,m:63,90,m:93.65,m:70.00,0.93650794,0.7,4.40674927337e-05,0.24,0.6498356734488424,0.3793349447923421,0.9203364021053428
chr1,206588704,206588705,.,5.196831292821855,+,m:129,183,m:51,101,m:70.49,m:50.50,0.704918,0.5049505,0.0157708202594157,0.1999999999999999,0.4123731122578047,0.1694208041712052,0.6553254203444041
chr1,206588705,206588706,.,5.995466446354442,-,m:95,123,m:45,84,m:77.24,m:53.57,0.7723577,0.53571427,0.0035419689918793,0.2342857142857143,0.5045603002954333,0.2271381938343953,0.7819824067564713
chr1,206588908,206588909,.,15.20997223456041,+,m:155,166,m:54,83,m:93.37,m:65.06,0.93373495,0.6506024,8.7735626599e-06,0.2793975903614458,0.7441379463832973,0.4806536876677951,1.0076222050987995
chr1,206588909,206588910,.,4.572653259603044,-,m:105,113,m:65,84,m:92.92,m:77.38,0.9292035,0.77380955,0.0096475494637835,0.1561904761904762,0.4526400515854827,0.1702805937486433,0.7349995094223221
chr1,206588990,206588991,.,2.557937514669049,+,m:174,191,m:87,107,m:91.10,m:81.31,0.91099477,0.8130841,0.1205846721756609,0.0999999999999999,0.2882667352873951,0.0515943157871105,0.5249391547876796
chr1,206588991,206588992,.,0.8328601069991066,-,m:103,110,m:59,68,m:93.64,m:86.76,0.93636364,0.86764705,0.2976007483047861,0.0723529411764705,0.2346605064815721,-0.0676876279532166,0.5370086409163608
chr1,206589158,206589159,.,0.0478635620137311,+,m:172,188,m:90,102,m:91.49,m:88.24,0.9148936,0.88235295,1.0,0.03,0.1081415731485631,-0.132886750055649,0.3491698963527752
chr1,206589159,206589160,.,-0.0492540957818619,-,m:76,87,m:48,58,m:87.36,m:82.76,0.87356323,0.82758623,1.0,0.0459770114942529,0.1293174430648229,-0.2029275685171352,0.4615624546467811
chr1,206589212,206589213,.,8.6412340954422,+,m:169,182,m:67,91,m:92.86,m:73.63,0.9285714,0.73626375,0.0010870899275254,0.1937362637362637,0.5375402461490908,0.285904100510867,0.7891763917873146
chr1,206589213,206589214,.,8.111290971618644,-,m:123,128,m:68,87,m:96.09,m:78.16,0.9609375,0.7816092,0.0007341133152965,0.178390804597701,0.5746163193168865,0.3022817895100493,0.8469508491237236
chr1,206589436,206589437,.,0.0660366394736229,+,m:184,198,m:105,110,m:92.93,m:95.45,0.9292929,0.95454544,1.0,-0.0199999999999999,-0.1085917479302693,-0.1244826180790024,0.3416661139395411
chr1,206589437,206589438,.,-0.2198731990743567,-,m:125,129,m:88,92,m:96.90,m:95.65,0.96899223,0.95652175,1.0,0.0134782608695651,0.0660850509742418,-0.2013728667052958,0.3335429686537796
chr1,206589745,206589746,.,0.6698420858185159,+,m:177,177,m:100,101,m:100.00,m:99.01,1.0,0.990099,1.0,0.01,0.1993372751799991,-0.0450750872907025,0.4437496376507007
chr1,206589746,206589747,.,0.7058639892037775,-,m:106,108,m:74,74,m:98.15,m:100.00,0.9814815,1.0,1.0,-0.02,-0.2730125404513224,-0.0227587712738531,0.5687838521764979
chr1,206589861,206589862,.,0.0409061451610455,+,m:166,184,m:96,103,m:90.22,m:93.20,0.90217394,0.93203884,1.0,-0.03,-0.1087380747709119,-0.1324531570276282,0.3499293065694521
chr1,206589862,206589863,.,2.0897109332915136,-,m:99,108,m:72,73,m:91.67,m:98.63,0.9166667,0.98630136,0.1077773791969508,-0.0663013698630136,-0.3510653579217897,0.0540943379118776,0.6480363779317018
chr1,206589930,206589931,.,0.8520458603956058,+,m:113,114,m:66,69,m:99.12,m:95.65,0.99122804,0.95652175,1.0,0.0334782608695651,0.2325190424513703,-0.0664296545536761,0.5314677394564169
chr1,206589931,206589932,.,-0.3293922233611006,-,m:5,5,m:6,6,m:100.00,m:100.00,1.0,1.0,1.0,0.0,0.0,-1.186817130362205,1.186817130362205
chr1,206589955,206589956,.,-0.3309877749273546,+,m:6,6,m:6,6,m:100.00,m:100.00,1.0,1.0,1.0,0.0,0.0,-1.1315857340761717,1.1315857340761717
chr1,206589956,206589957,.,-0.3232333694639622,-,m:7,7,m:3,3,m:100.00,m:100.00,1.0,1.0,1.0,0.0,0.0,-1.3525036432825015,1.3525036432825015
chr1,206590032,206590033,.,1.3232362251527403,+,m:2,6,m:5,6,m:33.33,m:83.33,0.33333334,0.8333333,0.1865004078029359,-0.5,-1.0695644912956503,-0.0620212427805211,2.201150225371822
chr1,206590033,206590034,.,0.8222181759901828,-,m:3,6,m:2,2,m:50.00,m:100.00,0.5,1.0,0.4031180226259679,-0.5,-1.5707963267948963,-0.0295075653235401,3.171100218913333
