,chrom,start,end,name,score,strand,samplea_counts,samplea_total,sampleb_counts,sampleb_total,samplea_percents,sampleb_percents,samplea_fraction_modified,sampleb_fraction_modified,map_pvalue,effect_size,cohen_h,cohen_h_low,cohen_h_high,map_pval_less005,map_pval_log10,cg_unit_pair,cg_unit_pair_id,efsize-score,score-efsize,score_scaled,efsize-score_scaled,start_hg38,end_hg38,start_t2tv2,end_t2tv2,score_norm
0,chr1,206583090,206583091,.,-0.2776317365982791,-,m:2,2,m:1,1,m:100.00,m:100.00,1.0,1.0,1.0,0.0,0.0,-2.4004558381776544,2.4004558381776544,False,-4.342945178152237e-11,CG_-1,CG_-1.-,0.2776317365982791,-0.2776317365982791,0.00037129142660975994,-0.00037129142660975994,207317794,207317795,206583090,206583091,0.00037129142660975994
1,chr1,206583173,206583174,.,0.6183668998696135,+,m:130,143,m:66,78,m:90.91,m:84.62,0.90909094,0.84615386,0.4389541553101402,0.0638461538461538,0.1935594794206054,-0.0823260411429853,0.4694449999841963,False,0.3575808353206871,CG_0,CG_0.+,-0.5545207460234597,0.5545207460234597,0.005751861458574558,0.058094292387579245,207317877,207317878,206583173,206583174,0.005751861458574558
2,chr1,206583174,206583175,.,-0.202477169860856,-,m:112,118,m:81,84,m:94.92,m:96.43,0.9491525,0.96428573,1.0,-0.0142857142857143,-0.0746486835125059,-0.2051483650707578,0.3544457320957697,False,-4.342945178152237e-11,CG_0,CG_0.-,0.18819145557514172,-0.18819145557514172,0.0008226028383623019,-0.015108317124076601,207317878,207317879,206583174,206583175,0.0008226028383623019
3,chr1,206583387,206583388,.,0.0172186952747495,+,m:131,171,m:58,81,m:76.61,m:71.60,0.76608187,0.7160494,1.0,0.0539506172839506,0.1143354914066092,-0.1500318458449527,0.3787028286581713,False,-4.342945178152237e-11,CG_1,CG_1.+,0.0367319220092011,-0.0367319220092011,0.0021419005917105885,0.05180871669224001,207318091,207318092,206583387,206583388,0.0021419005917105885
4,chr1,206583388,206583389,.,-0.2627156076562187,-,m:82,98,m:61,71,m:83.67,m:85.92,0.8367347,0.85915494,1.0,-0.0224202356999136,-0.0624777599548038,-0.2429786415289943,0.367934161438602,False,-4.342945178152237e-11,CG_1,CG_1.-,0.2402953719563051,-0.2402953719563051,0.0004608644160229519,-0.02288110011593655,207318092,207318093,206583388,206583389,0.0004608644160229519
5,chr1,206583707,206583708,.,0.0238349842929324,+,m:175,187,m:95,99,m:93.58,m:95.96,0.93582886,0.959596,1.0,-0.0195959595959596,-0.1074491433485969,-0.1361595077476171,0.351057794444811,False,-4.342945178152237e-11,CG_2,CG_2.+,-0.043430943888892,0.043430943888892,0.0021816321325468435,-0.021777591728506445,207318411,207318412,206583707,206583708,0.0021816321325468435
6,chr1,206583708,206583709,.,-0.3355168990300399,-,m:102,106,m:74,77,m:96.23,m:96.10,0.9622642,0.96103895,1.0,-0.001038961038961,0.0063804237194631,-0.2870974342990735,0.2998582817379998,False,-4.342945178152237e-11,CG_2,CG_2.-,0.3344779379910789,-0.3344779379910789,2.3684680796472716e-05,-0.0010626457197574727,207318412,207318413,206583708,206583709,2.3684680796472716e-05
7,chr1,206583766,206583767,.,0.981031776659222,+,m:148,169,m:89,95,m:87.57,m:93.68,0.87573963,0.9368421,0.3833147885141881,-0.0568421052631579,-0.2124231184965044,-0.0389072103639873,0.4637534473569961,False,0.41644442496782286,CG_3,CG_3.+,-1.0378738819223798,1.0378738819223798,0.00792970379926466,-0.06477180906242257,207318470,207318471,206583766,206583767,0.00792970379926466
8,chr1,206583767,206583768,.,-0.3054123757304978,-,m:99,105,m:70,75,m:94.29,m:93.33,0.94285715,0.93333334,1.0,0.0066666666666665,0.0395488972239523,-0.2567698045895463,0.335867599037451,False,-4.342945178152237e-11,CG_3,CG_3.-,0.3120790423971643,-0.3120790423971643,0.00020446564328838017,0.00646220102337812,207318471,207318472,206583767,206583768,0.00020446564328838017
9,chr1,206584104,206584105,.,-0.1729593285665487,+,m:165,175,m:93,97,m:94.29,m:95.88,0.94285715,0.9587629,1.0,-0.0187628865979382,-0.073782994477384,-0.17431751240579,0.321883501360558,False,-4.342945178152237e-11,CG_4,CG_4.+,0.1541964419686105,-0.1541964419686105,0.0009998607111002971,-0.019762747309038497,207318808,207318809,206584104,206584105,0.0009998607111002971
10,chr1,206584105,206584106,.,0.1508845364087392,-,m:106,111,m:82,89,m:95.50,m:92.13,0.954955,0.92134833,1.0,0.0286516853932583,0.1407944185727681,-0.1380786632814241,0.4196675004269603,False,-4.342945178152237e-11,CG_4,CG_4.-,-0.1222328510154809,0.1222328510154809,0.0029445786202598927,0.02570710677299841,207318809,207318810,206584105,206584106,0.0029445786202598927
11,chr1,206584137,206584138,.,1.823128972685879,+,m:189,194,m:104,104,m:97.42,m:100.00,0.97422683,1.0,1.0,-0.03,-0.322475929369455,0.0842776124727457,0.5606742462661642,False,-4.342945178152237e-11,CG_5,CG_5.+,-1.853128972685879,1.853128972685879,0.012986589772667567,-0.04298658977266757,207318841,207318842,206584137,206584138,0.012986589772667567
12,chr1,206584138,206584139,.,0.3990955895476986,-,m:71,83,m:48,52,m:85.54,m:92.31,0.85542166,0.9230769,0.4539941188915791,-0.0676552363299352,-0.2180300462256714,-0.1286064268757272,0.5646665193270701,False,0.34294977292714257,CG_5,CG_5.-,-0.4667508258776338,0.4667508258776338,0.004435113203422469,-0.07209034953335766,207318842,207318843,206584138,206584139,0.004435113203422469
13,chr1,206584151,206584152,.,-0.2452005887879522,+,m:182,185,m:95,96,m:98.38,m:98.96,0.9837838,0.9895833,1.0,-0.0095833333333333,-0.0508988512758881,-0.19563682225417,0.2974345248059463,False,-4.342945178152237e-11,CG_6,CG_6.+,0.2356172554546189,-0.2356172554546189,0.0005660440243350789,-0.010149377357668379,207318855,207318856,206584151,206584152,0.0005660440243350789
14,chr1,206584152,206584153,.,-0.3249449421246595,-,m:111,114,m:83,85,m:97.37,m:97.65,0.9736842,0.9764706,1.0,-0.0064705882352941,-0.0178810863495813,-0.2629936907018799,0.2987558634010425,False,-4.342945178152237e-11,CG_6,CG_6.-,0.3184743538893654,-0.3184743538893654,8.717044091833125e-05,-0.006557758676212432,207318856,207318857,206584152,206584153,8.717044091833125e-05
15,chr1,206584176,206584177,.,1.8033909011037963,+,m:180,185,m:98,98,m:97.30,m:100.00,0.972973,1.0,1.0,-0.03,-0.3302972554881651,0.0854234070092793,0.5751711039670508,False,-4.342945178152237e-11,CG_7,CG_7.+,-1.8333909011037963,1.8333909011037963,0.012868060489116435,-0.042868060489116434,207318880,207318881,206584176,206584177,0.012868060489116435
16,chr1,206584177,206584178,.,0.2359857404667309,-,m:117,121,m:87,88,m:96.69,m:98.86,0.96694213,0.9886364,1.0,-0.0186363636363636,-0.1520638881653093,-0.1225276898259083,0.426655466156527,False,-4.342945178152237e-11,CG_7,CG_7.-,-0.2546221041030945,0.2546221041030945,0.0034556206794795438,-0.022091984315843145,207318881,207318882,206584177,206584178,0.0034556206794795438
17,chr1,206584178,206584179,.,1.4444941700173786,+,m:184,188,m:105,105,m:97.87,m:100.00,0.9787234,1.0,1.0,-0.02,-0.2927745010120461,0.0539887943600657,0.5315602076640266,False,-4.342945178152237e-11,CG_8,CG_8.+,-1.4644941700173786,1.4644941700173786,0.010712846276440669,-0.03071284627644067,207318882,207318883,206584178,206584179,0.010712846276440669
18,chr1,206584179,206584180,.,-0.3365122888454834,-,m:109,114,m:67,70,m:95.61,m:95.71,0.95614034,0.95714283,1.0,0.0028571428571427,-0.0049223897457348,-0.292693117833834,0.3025378973253038,False,-4.342945178152237e-11,CG_8,CG_8.-,0.3393694317026261,-0.3393694317026261,1.770725583943127e-05,0.002839435601303269,207318883,207318884,206584179,206584180,1.770725583943127e-05
19,chr1,206584201,206584202,.,-0.2661417271380344,+,m:151,160,m:67,72,m:94.38,m:93.06,0.94375,0.9305556,1.0,0.0094444444444443,0.0544401633048114,-0.2237013696621316,0.3325816962717546,False,-4.342945178152237e-11,CG_9,CG_9.+,0.2755861715824787,-0.2755861715824787,0.0004402901929611192,0.009004154251483182,207318905,207318906,206584201,206584202,0.0004402901929611192
20,chr1,206584202,206584203,.,0.7043807347221787,-,m:125,127,m:87,87,m:98.43,m:100.00,0.984252,1.0,1.0,-0.02,-0.2516457205063931,-0.0211223244292229,0.5244137654420091,False,-4.342945178152237e-11,CG_9,CG_9.-,-0.7243807347221787,0.7243807347221787,0.006268383965758827,-0.026268383965758826,207318906,207318907,206584202,206584203,0.006268383965758827
21,chr1,206584227,206584228,.,-0.3394609870305203,+,m:164,171,m:93,97,m:95.91,m:95.88,0.9590643,0.9587629,1.0,0.0012371134020617,0.0015185704920295,-0.2476146061838722,0.2506517471679313,False,-4.342945178152237e-11,CG_10,CG_10.+,0.340698100432582,-0.340698100432582,0.0,0.0012371134020617,207318931,207318932,206584227,206584228,0.0
22,chr1,206584228,206584229,.,-0.0509645731635828,-,m:117,120,m:88,89,m:97.50,m:98.88,0.975,0.98876405,1.0,-0.0087640449438202,-0.1051617021974098,-0.1690181940360708,0.3793415984308905,False,-4.342945178152237e-11,CG_10,CG_10.-,0.0422005282197626,-0.0422005282197626,0.0017324525904425102,-0.01049649753426271,207318932,207318933,206584228,206584229,0.0017324525904425102
23,chr1,206584272,206584273,.,0.1482519487362879,+,m:161,188,m:95,106,m:85.64,m:89.62,0.85638297,0.8962264,1.0,-0.04,-0.1213862175139097,-0.1166756844216057,0.3594481194494252,False,-4.342945178152237e-11,CG_11,CG_11.+,-0.1882519487362879,0.1882519487362879,0.0029287696427007857,-0.04292876964270079,207318976,207318977,206584272,206584273,0.0029287696427007857
24,chr1,206584273,206584274,.,2.264658795087371,-,m:108,125,m:84,88,m:86.40,m:95.45,0.864,0.95454544,0.0753821730333231,-0.0945454545454546,-0.3256963534656387,0.0529609290891848,0.5984317778420927,False,1.1227313467722353,CG_11,CG_11.-,-2.3592042496328256,2.3592042496328256,0.01563802475698558,-0.11018347930244018,207318977,207318978,206584273,206584274,0.01563802475698558
25,chr1,206584304,206584305,.,0.7460207036911015,+,m:176,186,m:100,102,m:94.62,m:98.04,0.94623655,0.98039216,1.0,-0.03,-0.1870187769750049,-0.0544648982486658,0.4285024521986756,False,-4.342945178152237e-11,CG_12,CG_12.+,-0.7760207036911015,0.7760207036911015,0.006518436544018703,-0.0365184365440187,207319008,207319009,206584304,206584305,0.006518436544018703
26,chr1,206584305,206584306,.,-0.2060873523194004,-,m:113,116,m:74,77,m:97.41,m:96.10,0.9741379,0.96103895,1.0,0.0089610389610389,0.0743438702042715,-0.2137621865001282,0.3624499269086714,False,-4.342945178152237e-11,CG_12,CG_12.-,0.2150483912804393,-0.2150483912804393,0.0008009232969481057,0.008160115664090795,207319009,207319010,206584305,206584306,0.0008009232969481057
27,chr1,206584395,206584396,.,0.0581025720431398,+,m:186,193,m:105,107,m:96.37,m:98.13,0.9637306,0.9813084,1.0,-0.02,-0.1089380171510665,-0.1272936827094594,0.3451697170115925,False,-4.342945178152237e-11,CG_13,CG_13.+,-0.0781025720431398,0.0781025720431398,0.00238741275342293,-0.02238741275342293,207319099,207319100,206584395,206584396,0.00238741275342293
28,chr1,206584396,206584397,.,-0.1973514323161111,-,m:114,120,m:83,86,m:95.00,m:96.51,0.95,0.96511626,1.0,-0.0151162790697675,-0.0752765096139178,-0.201635538988418,0.3521885582162537,False,-4.342945178152237e-11,CG_13,CG_13.-,0.1822351532463436,-0.1822351532463436,0.0008533834542053032,-0.015969662523972805,207319100,207319101,206584396,206584397,0.0008533834542053032
29,chr1,206584407,206584408,.,0.2125909648964921,+,m:174,180,m:93,99,m:96.67,m:93.94,0.96666664,0.93939394,1.0,0.0306060606060605,0.1302719319742884,-0.1149709114344252,0.375514775383002,False,-4.342945178152237e-11,CG_14,CG_14.+,-0.1819849042904316,0.1819849042904316,0.003315132487629176,0.027290928118431326,207319111,207319112,206584407,206584408,0.003315132487629176
30,chr1,206584408,206584409,.,0.6099328722477821,-,m:120,125,m:91,92,m:96.00,m:98.91,0.96,0.98913044,1.0,-0.0291304347826086,-0.1938219588117333,-0.0754115044631925,0.4630554220866592,False,-4.342945178152237e-11,CG_14,CG_14.-,-0.6390633070303907,0.6390633070303907,0.005701214198161663,-0.03483164898077026,207319112,207319113,206584408,206584409,0.005701214198161663
31,chr1,206584411,206584412,.,-0.1033045611604848,+,m:172,181,m:90,93,m:95.03,m:96.77,0.95027626,0.9677419,1.0,-0.017741935483871,-0.0885870091385419,-0.1614720603245914,0.3386460786016752,False,-4.342945178152237e-11,CG_15,CG_15.+,0.0855626256766138,-0.0855626256766138,0.0014181452249763132,-0.019160080708847314,207319115,207319116,206584411,206584412,0.0014181452249763132
32,chr1,206584412,206584413,.,-0.3177772659043114,-,m:96,99,m:75,77,m:96.97,m:97.40,0.969697,0.97402596,1.0,-0.0043290043290042,-0.0261967481386689,-0.2716147525524157,0.3240082488297535,False,-4.342945178152237e-11,CG_15,CG_15.-,0.3134482615753072,-0.3134482615753072,0.00013021312234702548,-0.004459217451351225,207319116,207319117,206584412,206584413,0.00013021312234702548
33,chr1,206584946,206584947,.,1.2450063634068442,+,m:151,182,m:87,96,m:82.97,m:90.62,0.8296703,0.90625,0.2837800463200241,-0.07625,-0.2284864315665893,-0.0187424353687214,0.4757152985019001,False,0.5470181445879516,CG_16,CG_16.+,-1.3212563634068442,1.3212563634068442,0.009514900129756447,-0.08576490012975645,207319650,207319651,206584946,206584947,0.009514900129756447
34,chr1,206584947,206584948,.,4.206554548751569,-,m:98,111,m:78,79,m:88.29,m:98.73,0.8828829,0.98734176,0.0105630997242337,-0.1073417721518987,-0.4730699821777113,0.1845672990969207,0.761572665258502,True,1.9762086159870154,CG_16,CG_16.-,-4.313896320903468,4.313896320903468,0.027299321629661897,-0.1346410937815606,207319651,207319652,206584947,206584948,0.027299321629661897
35,chr1,206585234,206585235,.,1.3971819142196296,+,m:138,157,m:90,95,m:87.90,m:94.74,0.8789809,0.94736844,0.2387346154372247,-0.0673684210526315,-0.2476589980271932,-0.0071042238407896,0.5024222198951762,False,0.6220846055141247,CG_17,CG_17.+,-1.464550335272261,1.464550335272261,0.010428730993973782,-0.07779715204660528,207319938,207319939,206585234,206585235,0.010428730993973782
36,chr1,206585235,206585236,.,-0.2290715522351547,-,m:90,108,m:67,78,m:83.33,m:85.90,0.8333333,0.85897434,1.0,-0.0289743589743589,-0.0711233204763752,-0.2201128984503857,0.3623595394031363,False,-4.342945178152237e-11,CG_17,CG_17.-,0.2000971932607958,-0.2000971932607958,0.0006629006569104977,-0.0296372596312694,207319939,207319940,206585235,206585236,0.0006629006569104977
37,chr1,206585379,206585380,.,1.4438539472851062,+,m:155,179,m:90,96,m:86.59,m:93.75,0.8659218,0.9375,0.2711121321476857,-0.0675,-0.244412476924472,-0.0035307824145501,0.4923557362634941,False,0.5668510473389972,CG_18,CG_18.+,-1.511353947285106,1.511353947285106,0.010709001668751727,-0.07820900166875173,207320083,207320084,206585379,206585380,0.010709001668751727
38,chr1,206585380,206585381,.,0.0798907356917197,-,m:101,110,m:78,82,m:91.82,m:95.12,0.91818184,0.9512195,1.0,-0.0312195121951218,-0.1347819469192295,-0.1511715662684106,0.4207354601068696,False,-4.342945178152237e-11,CG_18,CG_18.-,-0.1111102478868415,0.1111102478868415,0.002518253064565853,-0.03373776525968765,207320084,207320085,206585380,206585381,0.002518253064565853
39,chr1,206585797,206585798,.,0.3644091993649567,+,m:147,167,m:76,92,m:88.02,m:82.61,0.88023955,0.82608694,1.0,0.0539130434782608,0.1536020251549645,-0.100873385466109,0.4080774357760381,False,-4.342945178152237e-11,CG_19,CG_19.+,-0.3104961558866959,0.3104961558866959,0.004226817628029607,0.04968622585023119,207320501,207320502,206585797,206585798,0.004226817628029607
40,chr1,206585798,206585799,.,7.693860371388553,-,m:72,81,m:34,57,m:88.89,m:59.65,0.8888889,0.5964912,0.0003339210915526,0.2923976608187134,0.6969217133064263,0.3580715518226575,1.035771874790195,True,3.476356018554748,CG_19,CG_19.-,-7.401462710569839,7.401462710569839,0.048240975375414316,0.24415668544329905,207320502,207320503,206585798,206585799,0.048240975375414316
41,chr1,206585896,206585897,.,0.0151784607388663,+,m:158,184,m:92,103,m:85.87,m:89.32,0.8586956,0.89320385,1.0,-0.03,-0.1049212870053715,-0.1362699447931686,0.3461125188039117,False,-4.342945178152237e-11,CG_20,CG_20.+,-0.0451784607388663,0.0451784607388663,0.0021296487596707235,-0.032129648759670726,207320600,207320601,206585896,206585897,0.0021296487596707235
42,chr1,206585897,206585898,.,-0.1285815274333117,-,m:107,117,m:77,82,m:91.45,m:93.90,0.9145299,0.9390244,1.0,-0.0290243902439023,-0.094345438866672,-0.187931092503555,0.3766219702368991,False,-4.342945178152237e-11,CG_20,CG_20.-,0.0995571371894094,-0.0995571371894094,0.0012663542716298893,-0.030290744515532188,207320601,207320602,206585897,206585898,0.0012663542716298893
43,chr1,206586020,206586021,.,14.15838274148524,+,m:109,160,m:28,86,m:68.12,m:32.56,0.68125,0.3255814,6.5789518813e-06,0.3544186046511628,0.7272789719284585,0.4652155379065351,0.9893424059503818,True,5.181836688815847,CG_21,CG_21.+,-13.803964136834079,13.803964136834079,0.08706114085314906,0.26735746379801373,207320724,207320725,206586020,206586021,0.08706114085314906
44,chr1,206586021,206586022,.,7.152966174420044,-,m:73,105,m:31,76,m:69.52,m:40.79,0.6952381,0.40789473,0.0004786488585694,0.2921052631578947,0.5864174243558595,0.2912381010616022,0.8815967476501169,True,3.3199828816751893,CG_21,CG_21.-,-6.860860911262149,6.860860911262149,0.044992846429431584,0.24711241672846312,207320725,207320726,206586021,206586022,0.044992846429431584
45,chr1,206586120,206586121,.,3.046584474048302,+,m:52,173,m:15,94,m:30.06,m:15.96,0.30057803,0.15957446,0.0343477025204423,0.1404255319148936,0.3386681727631783,0.0875276792533848,0.5898086662729718,True,1.464102305842608,CG_22,CG_22.+,-2.9061589421334086,2.9061589421334086,0.0203335741743665,0.1200919577405271,207320824,207320825,206586120,206586121,0.0203335741743665
46,chr1,206586121,206586122,.,2.8107991801147136,-,m:30,108,m:11,84,m:27.78,m:13.10,0.2777778,0.13095239,0.0238438533326636,0.149047619047619,0.3696888596961668,0.084556055932927,0.6548216634594066,True,1.6226235564274059,CG_22,CG_22.-,-2.6617515610670948,2.6617515610670948,0.018917657637352286,0.13012996141026673,207320825,207320826,206586121,206586122,0.018917657637352286
47,chr1,206586163,206586164,.,36.21011312612916,+,m:128,153,m:22,80,m:83.66,m:27.50,0.8366013,0.275,3.38e-14,0.565,1.2052966768955249,0.9348788349358246,1.4757145188552252,True,9.999853233267297,CG_23,CG_23.+,-35.64511312612916,35.64511312612916,0.21948419913849992,0.3455158008615,207320867,207320868,206586163,206586164,0.21948419913849992
48,chr1,206586164,206586165,.,45.97699666799514,-,m:95,107,m:19,84,m:88.79,m:22.62,0.88785046,0.22619048,0.0,0.6638095238095238,1.4673410039579522,1.181625871469553,1.7530561364463515,True,10.0,CG_23,CG_23.-,-45.31318714418561,45.31318714418561,0.27813540545976917,0.3856741183497547,207320868,207320869,206586164,206586165,0.27813540545976917
49,chr1,206586168,206586169,.,22.005347850113537,+,m:64,82,m:10,50,m:78.05,m:20.00,0.7804878,0.2,1.684775e-10,0.5804878048780489,1.2390648724626423,0.8873885508217974,1.5907411941034877,True,9.571092104881712,CG_24,CG_24.+,-21.424860045235487,21.424860045235487,0.1341830265200719,0.44630477835797694,207320872,207320873,206586168,206586169,0.1341830265200719
50,chr1,206586169,206586170,.,12.587195022012438,-,m:15,18,m:2,23,m:83.33,m:8.70,0.8333333,0.08695652,1.9052643246e-06,0.7463768115942029,1.701855871126059,1.0850622851888487,2.318649457063269,True,5.720021970625936,CG_24,CG_24.-,-11.840818210418234,11.840818210418234,0.07762598636305691,0.6687508252311459,207320873,207320874,206586169,206586170,0.07762598636305691
51,chr1,206586173,206586174,.,71.93901850361709,+,m:142,153,m:18,91,m:92.81,m:19.78,0.9281046,0.1978022,0.0,0.7321978021978023,1.6768937990148196,1.4174301075550977,1.9363574904745413,True,10.0,CG_25,CG_25.+,-71.20682070141929,71.20682070141929,0.43404019255703047,0.2981576096407718,207320877,207320878,206586173,206586174,0.43404019255703047
52,chr1,206586174,206586175,.,23.37772826303366,-,m:33,40,m:5,44,m:82.50,m:11.36,0.825,0.11363637,3.87383e-11,0.7113636363636363,1.590711069564606,1.1625261179305535,2.018896021198658,True,9.857803631338163,CG_25,CG_25.-,-22.666364626670024,22.666364626670024,0.14242432134092414,0.5689393150227122,207320878,207320879,206586174,206586175,0.14242432134092414
53,chr1,206586175,206586176,.,70.34484621515679,+,m:147,159,m:21,96,m:92.45,m:21.88,0.9245283,0.21875,0.0,0.70125,1.6116034211725494,1.3582749497800852,1.8649318925650136,True,10.0,CG_26,CG_26.+,-69.64359621515679,69.64359621515679,0.42446701321058444,0.2767829867894156,207320879,207320880,206586175,206586176,0.42446701321058444
54,chr1,206586176,206586177,.,31.235299909104757,-,m:49,55,m:12,62,m:89.09,m:19.35,0.8909091,0.19354838,1.48e-14,0.6973607038123166,1.5573061474962082,1.1942583282384631,1.920353966753953,True,9.999935729172602,CG_26,CG_26.-,-30.53793920529244,30.53793920529244,0.1896099004278868,0.5077508033844298,207320880,207320881,206586176,206586177,0.1896099004278868
55,chr1,206586177,206586178,.,69.98774430772022,+,m:153,165,m:24,100,m:92.73,m:24.00,0.92727274,0.24,0.0,0.6900000000000001,1.571526034213102,1.3231389234017543,1.8199131450244497,True,10.0,CG_27,CG_27.+,-69.29774430772022,69.29774430772022,0.4223225771106758,0.2676774228893243,207320881,207320882,206586177,206586178,0.4223225771106758
56,chr1,206586178,206586179,.,36.61486906494014,-,m:70,79,m:18,77,m:88.61,m:23.38,0.886076,0.23376623,0.0,0.6523097156008548,1.4437338439493366,1.129862633713554,1.7576050541851191,True,10.0,CG_27,CG_27.-,-35.96255934933928,35.96255934933928,0.22191480292067897,0.4303949126801758,207320882,207320883,206586178,206586179,0.22191480292067897
57,chr1,206586179,206586180,.,65.77284217951808,+,m:164,177,m:25,95,m:92.66,m:26.32,0.92655367,0.2631579,0.0,0.6668421052631579,1.515381744500256,1.266103655174402,1.76465983382611,True,10.0,CG_28,CG_28.+,-65.10600007425492,65.10600007425492,0.39701162779040666,0.26983047747275124,207320883,207320884,206586179,206586180,0.39701162779040666
58,chr1,206586180,206586181,.,39.069563401484345,-,m:90,106,m:20,86,m:84.91,m:23.26,0.8490566,0.23255815,0.0,0.6174418604651163,1.3371289666918211,1.052685117442549,1.6215728159410936,True,10.0,CG_28,CG_28.-,-38.45212154101923,38.45212154101923,0.23665551149687641,0.3807863489682399,207320884,207320885,206586180,206586181,0.23665551149687641
59,chr1,206586181,206586182,.,71.49505006675275,+,m:169,177,m:27,95,m:95.48,m:28.42,0.9548023,0.28421053,0.0,0.6657894736842105,1.588573645668652,1.3392955563427982,1.837851734994506,True,10.0,CG_29,CG_29.+,-70.82926059306854,70.82926059306854,0.4313741134255405,0.23441536025867,207320885,207320886,206586181,206586182,0.4313741134255405
60,chr1,206586182,206586183,.,42.5183151261221,-,m:94,108,m:19,83,m:87.04,m:22.89,0.8703704,0.22891566,0.0,0.6410843373493976,1.4071882737455867,1.1210909134842932,1.6932856340068805,True,10.0,CG_29,CG_29.-,-41.8772307887727,41.8772307887727,0.2573656436578172,0.3837186936915804,207320886,207320887,206586182,206586183,0.2573656436578172
61,chr1,206586183,206586184,.,64.48322165551491,+,m:154,162,m:22,82,m:95.06,m:26.83,0.9506173,0.2682927,0.0,0.6817073170731707,1.6044549565831074,1.33882407065553,1.8700858425106848,True,10.0,CG_30,CG_30.+,-63.80151433844174,63.80151433844174,0.3892673151746956,0.2924400018984751,207320887,207320888,206586183,206586184,0.3892673151746956
62,chr1,206586184,206586185,.,51.436462265240095,-,m:96,106,m:18,85,m:90.57,m:21.18,0.9056604,0.21176471,0.0,0.6982352941176471,1.5608106009738372,1.2754445014834546,1.84617670046422,True,10.0,CG_30,CG_30.-,-50.73822697112245,50.73822697112245,0.3109200948415277,0.38731519927611935,207320888,207320889,206586184,206586185,0.3109200948415277
63,chr1,206586185,206586186,.,18.8432956320584,+,m:88,95,m:14,35,m:92.63,m:40.00,0.9263158,0.4,5.184699e-09,0.5263157894736842,1.2223590706026728,0.8348124605743668,1.6099056806309788,True,8.276979743713557,CG_31,CG_31.+,-18.316979842584715,18.316979842584715,0.11519455632435309,0.4111212331493311,207320889,207320890,206586185,206586186,0.11519455632435309
64,chr1,206586186,206586187,.,40.67432672378942,-,m:87,94,m:10,50,m:92.55,m:20.00,0.9255319,0.2,0.0,0.725531914893617,1.661509216542152,1.3184410606128143,2.004577372471489,True,10.0,CG_31,CG_31.-,-39.948794808895805,39.948794808895805,0.2462922911625566,0.47923962373106044,207320890,207320891,206586186,206586187,0.2462922911625566
65,chr1,206586187,206586188,.,6.801621054461243,+,m:46,49,m:6,13,m:93.88,m:46.15,0.93877554,0.46153846,0.0010249558893181,0.4772370486656201,1.1477297984287516,0.5362611147247025,1.7591984821328006,True,2.989294782419591,CG_32,CG_32.+,-6.324384005795624,6.324384005795624,0.04288298046938986,0.43435406819623024,207320891,207320892,206586187,206586188,0.04288298046938986
66,chr1,206586188,206586189,.,18.449925314482684,-,m:61,67,m:7,26,m:91.04,m:26.92,0.9104478,0.26923078,6.6988451e-09,0.6412169919632607,1.4427060407728942,0.9898444477231412,1.895567633822647,True,8.167564853366494,CG_32,CG_32.-,-17.808708322519422,17.808708322519422,0.11283232444579128,0.5283846675174694,207320892,207320893,206586188,206586189,0.11283232444579128
67,chr1,206586227,206586228,.,56.36174425672687,+,m:152,182,m:21,102,m:83.52,m:20.59,0.83516484,0.20588236,0.0,0.63,1.3635279054891374,1.1211062117725523,1.6059495992057224,True,10.0,CG_33,CG_33.+,-55.73174425672687,55.73174425672687,0.34049695311314104,0.28950304688685896,207320931,207320932,206586227,206586228,0.34049695311314104
68,chr1,206586228,206586229,.,30.945474759107697,-,m:96,119,m:22,84,m:80.67,m:26.19,0.8067227,0.26190478,1.664e-13,0.5480952380952382,1.1567332861765365,0.8774255362164505,1.436041036136622,True,9.999277934574076,CG_33,CG_33.-,-30.397379521012457,30.397379521012457,0.18786946863132595,0.36022576946391227,207320932,207320933,206586228,206586229,0.18786946863132595
69,chr1,206586286,206586287,.,45.00966845261087,+,m:156,182,m:27,94,m:85.71,m:28.72,0.85714287,0.28723404,5e-16,0.5727659574468085,1.2351525800759775,0.986207807493595,1.48409735265836,True,9.999997828533019,CG_34,CG_34.+,-44.43690249516406,44.43690249516406,0.272326493487215,0.3004394639595935,207320990,207320991,206586286,206586287,0.272326493487215
70,chr1,206586287,206586288,.,39.988362745064194,-,m:76,87,m:14,72,m:87.36,m:19.44,0.87356323,0.19444445,0.0,0.6791187739463602,1.5011918774453834,1.1889286970665545,1.8134550578242123,True,10.0,CG_34,CG_34.-,-39.30924397111784,39.30924397111784,0.2421730022744774,0.4369457716718828,207320991,207320992,206586287,206586288,0.2421730022744774
71,chr1,206586303,206586304,.,18.62231378826175,+,m:71,148,m:8,81,m:47.97,m:9.88,0.47972974,0.09876543,5.22499271e-08,0.3812345679012345,0.8908701765209834,0.6199804934727701,1.1617598595691967,True,7.281083918762403,CG_35,CG_35.+,-18.241079220360515,18.241079220360515,0.11386753612817538,0.2673670317730591,207321007,207321008,206586303,206586304,0.11386753612817538
72,chr1,206586304,206586305,.,18.58338727770527,-,m:28,58,m:1,54,m:48.28,m:1.85,0.4827586,0.018518519,5.8401523e-09,0.4642401021711366,1.263294088976191,0.8926592620348905,1.6339289159174917,True,8.226202419968022,CG_35,CG_35.-,-18.119147175534135,18.119147175534135,0.11363377816513337,0.3506063240060032,207321008,207321009,206586304,206586305,0.11363377816513337
73,chr1,206586327,206586328,.,53.43301224118517,+,m:110,139,m:4,65,m:79.14,m:6.15,0.79136693,0.06153846,0.0,0.7284615384615385,1.691511216918535,1.3970018607586665,1.9860205730784035,True,10.0,CG_36,CG_36.+,-52.70455070272363,52.70455070272363,0.32290959631023336,0.40555194215130513,207321031,207321032,206586327,206586328,0.32290959631023336
74,chr1,206586328,206586329,.,49.73655263367863,-,m:81,111,m:5,84,m:72.97,m:5.95,0.7297297,0.05952381,0.0,0.6704761904761904,1.55525754519481,1.27181550570405,1.8386995846855696,True,10.0,CG_36,CG_36.-,-49.066076443202434,49.066076443202434,0.30071195115876026,0.3697642393174302,207321032,207321033,206586328,206586329,0.30071195115876026
75,chr1,206586422,206586423,.,78.22142853140093,+,m:122,174,m:0,94,m:70.11,m:0.00,0.7011494,0.0,0.0,0.7,1.9848227550986557,1.7339364606481755,2.235709049549135,True,10.0,CG_37,CG_37.+,-77.52142853140093,77.52142853140093,0.47176675345589875,0.2282332465441012,207321126,207321127,206586422,206586423,0.47176675345589875
76,chr1,206586423,206586424,.,59.880296270012025,-,m:82,115,m:2,90,m:71.30,m:2.22,0.71304345,0.022222223,0.0,0.6877777777777777,1.7117014698169548,1.4358629925686626,1.987539947065247,True,10.0,CG_37,CG_37.-,-59.19251849223425,59.19251849223425,0.3616262436589642,0.32615153411881354,207321127,207321128,206586423,206586424,0.3616262436589642
77,chr1,206586453,206586454,.,15.997519675403566,+,m:44,175,m:2,104,m:25.14,m:1.92,0.25142857,0.01923077,1.4403782531e-06,0.23,0.7722467442016336,0.5295776334638945,1.0149158549393729,True,5.8414932938778135,CG_38,CG_38.+,-15.767519675403566,15.767519675403566,0.09810535974876027,0.13189464025123976,207321157,207321158,206586453,206586454,0.09810535974876027
78,chr1,206586454,206586455,.,10.751912350444227,-,m:17,101,m:0,85,m:16.83,m:0.00,0.16831683,0.0,9.71204213246e-05,0.17,0.8454877942194621,0.5569953698231124,1.133980218615812,True,4.012688995051875,CG_38,CG_38.-,-10.581912350444227,10.581912350444227,0.06660491273536501,0.103395087264635,207321158,207321159,206586454,206586455,0.06660491273536501
79,chr1,206586494,206586495,.,66.03251402078831,+,m:102,145,m:2,95,m:70.34,m:2.11,0.7034483,0.021052632,0.0,0.6789473684210526,1.6986319516357025,1.4399251135120292,1.957338789759376,True,10.0,CG_39,CG_39.+,-65.35356665236726,65.35356665236726,0.3985709856626368,0.2803763827584158,207321198,207321199,206586494,206586495,0.3985709856626368
80,chr1,206586495,206586496,.,54.21754161202893,-,m:70,98,m:2,85,m:71.43,m:2.35,0.71428573,0.023529412,0.0,0.6907563025210084,1.7057054078186769,1.4152020643276342,1.9962087513097195,True,10.0,CG_39,CG_39.-,-53.52678530950792,53.52678530950792,0.3276207811827892,0.3631355213382192,207321199,207321200,206586495,206586496,0.3276207811827892
81,chr1,206586496,206586497,.,60.14765751714168,+,m:98,141,m:1,81,m:69.50,m:1.23,0.69503546,0.012345679,0.0,0.6876543209876542,1.748822904788753,1.4755651394120253,2.0220806701654808,True,10.0,CG_40,CG_40.+,-59.46000319615403,59.46000319615403,0.36323177725629807,0.32442254373135615,207321200,207321201,206586496,206586497,0.36323177725629807
82,chr1,206586497,206586498,.,50.377869983422215,-,m:63,77,m:2,62,m:81.82,m:3.23,0.8181818,0.032258064,0.0,0.7859237536656892,1.8994008905911848,1.56496391770925,2.2338378634731204,True,10.0,CG_40,CG_40.-,-49.59194622975652,49.59194622975652,0.3045631321456111,0.48136062152007814,207321201,207321202,206586497,206586498,0.3045631321456111
83,chr1,206586508,206586509,.,83.23093547267706,+,m:121,157,m:2,100,m:77.07,m:2.00,0.77070063,0.02,0.0,0.75,1.859105096086405,1.608341305270006,2.109868886902804,True,10.0,CG_41,CG_41.+,-82.48093547267706,82.48093547267706,0.501849391783793,0.24815060821620705,207321212,207321213,206586508,206586509,0.501849391783793
84,chr1,206586509,206586510,.,70.42879606708487,-,m:80,96,m:2,83,m:83.33,m:2.41,0.8333333,0.024096385,0.0,0.8092369477911647,1.988803180150433,1.695038252967486,2.2825681073333803,True,10.0,CG_41,CG_41.-,-69.61955911929371,69.61955911929371,0.424971141274052,0.38426580651711273,207321213,207321214,206586509,206586510,0.424971141274052
85,chr1,206586510,206586511,.,93.88137523551528,+,m:131,168,m:1,104,m:77.98,m:0.96,0.7797619,0.009615385,0.0,0.77,1.968175689522432,1.72362931281897,2.212722066225893,True,10.0,CG_42,CG_42.+,-93.11137523551528,93.11137523551528,0.5658064500680297,0.20419354993197036,207321214,207321215,206586510,206586511,0.5658064500680297
86,chr1,206586511,206586512,.,71.99423337504379,-,m:81,99,m:1,82,m:81.82,m:1.22,0.8181818,0.0121951215,0.0,0.8059866962305987,2.039256875322867,1.746597221220361,2.331916529425373,True,10.0,CG_42,CG_42.-,-71.18824667881319,71.18824667881319,0.43437176391263926,0.37161493231795945,207321215,207321216,206586511,206586512,0.43437176391263926
87,chr1,206586518,206586519,.,79.68786894411198,+,m:140,173,m:3,85,m:80.92,m:3.53,0.80924857,0.03529412,0.0,0.7747058823529412,1.8596443790223665,1.600031980500829,2.119256777543904,True,10.0,CG_43,CG_43.+,-78.91316306175904,78.91316306175904,0.48057288888641614,0.2941329934665251,207321222,207321223,206586518,206586519,0.48057288888641614
88,chr1,206586519,206586520,.,82.96996316116952,-,m:98,117,m:1,86,m:83.76,m:1.16,0.83760685,0.011627907,0.0,0.8283720930232558,2.095964993231065,1.8175747865148824,2.374355199947247,True,10.0,CG_43,CG_43.-,-82.14159106814625,82.14159106814625,0.5002822244452293,0.32808986857802647,207321223,207321224,206586519,206586520,0.5002822244452293
89,chr1,206586536,206586537,.,54.26824440233708,+,m:91,143,m:1,85,m:63.64,m:1.18,0.6363636,0.011764706,0.0,0.6282352941176471,1.6296648534685585,1.3612305382607237,1.8980991686763933,True,10.0,CG_44,CG_44.+,-53.64000910821944,53.64000910821944,0.3279252569966637,0.3003100371209834,207321240,207321241,206586536,206586537,0.3279252569966637
90,chr1,206586537,206586538,.,38.07405972284772,-,m:69,105,m:4,75,m:65.71,m:5.33,0.6571429,0.053333335,0.0,0.6066666666666667,1.4244129147847104,1.1280942129712117,1.7207316165982092,True,10.0,CG_44,CG_44.-,-37.46739305618105,37.46739305618105,0.23067740277887852,0.3759892638877882,207321241,207321242,206586537,206586538,0.23067740277887852
91,chr1,206586546,206586547,.,52.837451195798224,+,m:86,165,m:0,101,m:52.12,m:0.00,0.5212121,0.0,0.0,0.52,1.6132332650159715,1.3656129622140525,1.8608535678178908,True,10.0,CG_45,CG_45.+,-52.31745119579822,52.31745119579822,0.3193331869468811,0.2006668130531189,207321250,207321251,206586546,206586547,0.3193331869468811
92,chr1,206586547,206586548,.,52.63266178145233,-,m:65,103,m:0,84,m:63.11,m:0.00,0.63106793,0.0,0.0,0.63,1.8360311254033912,1.547886423329799,2.1241758274769835,True,10.0,CG_45,CG_45.-,-52.002661781452325,52.002661781452325,0.31810340406458026,0.31189659593541974,207321251,207321252,206586547,206586548,0.31810340406458026
93,chr1,206586578,206586579,.,76.71428740464796,+,m:119,162,m:1,93,m:73.46,m:1.08,0.7345679,0.010752688,0.0,0.719247311827957,1.8513444209316816,1.596356739671616,2.106332102191748,True,10.0,CG_46,CG_46.+,-75.99504009282,75.99504009282,0.4627162057759199,0.2565311060520371,207321282,207321283,206586578,206586579,0.4627162057759199
94,chr1,206586579,206586580,.,47.645792092618194,-,m:55,86,m:0,77,m:63.95,m:0.00,0.6395349,0.0,0.0,0.6395348837209303,1.8536215949295936,1.5461200479164852,2.161123141942702,True,10.0,CG_46,CG_46.-,-47.00625720889727,47.00625720889727,0.2881567049191111,0.35137817880181915,207321283,207321284,206586579,206586580,0.2881567049191111
95,chr1,206586580,206586581,.,80.3609310205531,+,m:92,121,m:0,95,m:76.03,m:0.00,0.76033056,0.0,0.0,0.76,2.118421449419909,1.8497506430446329,2.387092255795185,True,10.0,CG_47,CG_47.+,-79.60093102055309,79.60093102055309,0.484614700436964,0.27538529956303603,207321284,207321285,206586580,206586581,0.484614700436964
96,chr1,206586581,206586582,.,38.62449551548747,-,m:61,79,m:4,60,m:77.22,m:6.67,0.7721519,0.06666667,0.0,0.7054852320675106,1.6240404441385106,1.2884061570049103,1.9596747312721108,True,10.0,CG_47,CG_47.-,-37.91901028341996,37.91901028341996,0.2339828300528232,0.4715024020146874,207321285,207321286,206586581,206586582,0.2339828300528232
97,chr1,206586591,206586592,.,72.75919026229207,+,m:121,131,m:4,60,m:92.37,m:6.67,0.9236641,0.06666667,0.0,0.8533333333333334,2.059415402445872,1.7538856546089303,2.3649451502828134,True,10.0,CG_48,CG_48.+,-71.90585692895873,71.90585692895873,0.4389654138756553,0.4143679194576781,207321295,207321296,206586591,206586592,0.4389654138756553
98,chr1,206586592,206586593,.,95.3903729323808,-,m:106,115,m:1,78,m:92.17,m:1.28,0.9217391,0.012820513,0.0,0.9071794871794872,2.347580035253616,2.0600848843286874,2.635075186178544,True,10.0,CG_48,CG_48.-,-94.48319344520131,94.48319344520131,0.5748681466550528,0.33231134052443434,207321296,207321297,206586592,206586593,0.5748681466550528
99,chr1,206586599,206586600,.,59.39062929794392,+,m:91,154,m:0,96,m:59.09,m:0.00,0.59090906,0.0,0.0,0.59,1.7536314086832918,1.4987594136630225,2.0085034037035614,True,10.0,CG_49,CG_49.+,-58.800629297943914,58.800629297943914,0.3586857398140713,0.23131426018592866,207321303,207321304,206586599,206586600,0.3586857398140713
100,chr1,206586600,206586601,.,33.843644473474455,-,m:58,121,m:1,85,m:47.93,m:1.18,0.47933885,0.011764706,8.7e-15,0.468235294117647,1.3121041854369184,1.0347213691989756,1.5894870016748612,True,9.999962218023567,CG_49,CG_49.-,-33.37540917935681,33.37540917935681,0.20527329546541798,0.262961998652229,207321304,207321305,206586600,206586601,0.20527329546541798
101,chr1,206586607,206586608,.,90.9115283286174,+,m:139,178,m:0,89,m:78.09,m:0.00,0.78089887,0.0,0.0,0.78,2.1673536124207677,1.9129058024690468,2.4218014223724875,True,10.0,CG_50,CG_50.+,-90.13152832861739,90.13152832861739,0.547972193835486,0.23202780616451402,207321311,207321312,206586607,206586608,0.547972193835486
102,chr1,206586608,206586609,.,82.57363145493656,-,m:85,103,m:0,87,m:82.52,m:0.00,0.8252427,0.0,0.0,0.83,2.2790196728889827,1.9936244805780283,2.5644148651999368,True,10.0,CG_50,CG_50.-,-81.74363145493656,81.74363145493656,0.4979022091031513,0.33209779089684865,207321312,207321313,206586608,206586609,0.4979022091031513
103,chr1,206586611,206586612,.,73.72231831312331,+,m:107,158,m:0,97,m:67.72,m:0.00,0.6772152,0.0,0.0,0.68,1.933101219173448,1.6802856762072351,2.1859167621396605,True,10.0,CG_51,CG_51.+,-73.0423183131233,73.0423183131233,0.44474910339964374,0.2352508966003563,207321315,207321316,206586611,206586612,0.44474910339964374
104,chr1,206586612,206586613,.,38.21580593812138,-,m:43,70,m:0,67,m:61.43,m:0.00,0.6142857,0.0,0.0,0.6142857142857143,1.8014063240866198,1.466423952264176,2.1363886959090634,True,10.0,CG_51,CG_51.-,-37.601520223835664,37.601520223835664,0.2315286043399126,0.3827571099458017,207321316,207321317,206586612,206586613,0.2315286043399126
105,chr1,206586627,206586628,.,65.01370135661051,+,m:108,168,m:0,89,m:64.29,m:0.00,0.64285713,0.0,0.0,0.64,1.8605480104602723,1.6035883152294053,2.117507705691139,True,10.0,CG_52,CG_52.+,-64.37370135661051,64.37370135661051,0.3924529039313175,0.24754709606868253,207321331,207321332,206586627,206586628,0.3924529039313175
106,chr1,206586628,206586629,.,41.60921500240079,-,m:56,105,m:0,83,m:53.33,m:0.00,0.53333336,0.0,0.0,0.53,1.6375125309601617,1.3496445777320298,1.9253804841882936,True,10.0,CG_52,CG_52.-,-41.07921500240079,41.07921500240079,0.25190639775870177,0.27809360224129825,207321332,207321333,206586628,206586629,0.25190639775870177
107,chr1,206586655,206586656,.,59.416079636885,+,m:99,143,m:1,80,m:69.23,m:1.25,0.6923077,0.0125,0.0,0.6775,1.7415121992527576,1.467867203582932,2.0151571949225837,True,10.0,CG_53,CG_53.+,-58.738579636885,58.738579636885,0.35883857188929585,0.31866142811070414,207321359,207321360,206586655,206586656,0.35883857188929585
108,chr1,206586656,206586657,.,79.23244088436678,-,m:93,113,m:0,78,m:82.30,m:0.00,0.82300884,0.0,0.0,0.82,2.273152071080976,1.9846305244630775,2.561673617698874,True,10.0,CG_53,CG_53.-,-78.41244088436679,78.41244088436679,0.47783799346331496,0.342162006536685,207321360,207321361,206586656,206586657,0.47783799346331496
109,chr1,206586666,206586667,.,79.36609186433748,+,m:126,164,m:2,93,m:76.83,m:2.15,0.76829267,0.021505376,0.0,0.748494623655914,1.8428258819732557,1.588405878398174,2.0972458855483365,True,10.0,CG_54,CG_54.+,-78.61759724068156,78.61759724068156,0.4786405822489496,0.2698540414069644,207321370,207321371,206586666,206586667,0.4786405822489496
110,chr1,206586667,206586668,.,65.14473175239561,-,m:78,112,m:0,89,m:69.64,m:0.00,0.6964286,0.0,0.0,0.7,1.974532863395588,1.6962143441950723,2.252851382596104,True,10.0,CG_54,CG_54.-,-64.44473175239561,64.44473175239561,0.3932397558216474,0.30676024417835257,207321371,207321372,206586667,206586668,0.3932397558216474
111,chr1,206586678,206586679,.,129.46226276893202,+,m:167,185,m:0,95,m:90.27,m:0.00,0.9027027,0.0,0.0,0.9,2.507155401426428,2.2597669398666618,2.7545438629861936,True,10.0,CG_55,CG_55.+,-128.56226276893202,128.56226276893202,0.7794735801070968,0.12052641989290325,207321382,207321383,206586678,206586679,0.7794735801070968
112,chr1,206586679,206586680,.,110.7057579145728,-,m:112,123,m:0,91,m:91.06,m:0.00,0.91056913,0.0,0.0,0.91,2.53419889398737,2.263191134466707,2.8052066535080327,True,10.0,CG_55,CG_55.-,-109.7957579145728,109.7957579145728,0.6668387123559515,0.24316128764404854,207321383,207321384,206586679,206586680,0.6668387123559515
113,chr1,206586683,206586684,.,139.3140156139276,+,m:166,176,m:0,92,m:94.32,m:0.00,0.9431818,0.0,0.0,0.94,2.660227345724251,2.408073706540551,2.912380984907951,True,10.0,CG_56,CG_56.+,-138.3740156139276,138.3740156139276,0.8386344358970895,0.10136556410291042,207321387,207321388,206586683,206586684,0.8386344358970895
114,chr1,206586684,206586685,.,89.64040851164856,-,m:103,113,m:3,85,m:91.15,m:3.53,0.91150445,0.03529412,0.0,0.8747058823529412,2.1595036360795072,1.878098511770728,2.440908760388287,True,10.0,CG_56,CG_56.-,-88.76570262929562,88.76570262929562,0.5403389799935762,0.33436690235936506,207321388,207321389,206586684,206586685,0.5403389799935762
115,chr1,206586718,206586719,.,69.50378083214684,+,m:103,161,m:0,100,m:63.98,m:0.00,0.63975155,0.0,0.0,0.64,1.8540728782427924,1.6045241237236405,2.1036216327619446,True,10.0,CG_57,CG_57.+,-68.86378083214684,68.86378083214684,0.41941632338745494,0.22058367661254508,207321422,207321423,206586718,206586719,0.41941632338745494
116,chr1,206586719,206586720,.,36.67934810159392,-,m:61,105,m:3,85,m:58.10,m:3.53,0.5809524,0.03529412,1e-16,0.5447058823529412,1.3554363089119257,1.0694661089146436,1.6414065089092078,True,9.999999565705735,CG_57,CG_57.-,-36.13464221924097,36.13464221924097,0.22230200660402044,0.3224038757489207,207321423,207321424,206586719,206586720,0.22230200660402044
117,chr1,206586769,206586770,.,52.43193742439093,+,m:110,152,m:4,76,m:72.37,m:5.26,0.7236842,0.05263158,0.0,0.6673684210526316,1.5716622717298028,1.2963111028601022,1.8470134405995036,True,10.0,CG_58,CG_58.+,-51.7645690033383,51.7645690033383,0.3168980322968871,0.3504703887557445,207321473,207321474,206586769,206586770,0.3168980322968871
118,chr1,206586770,206586771,.,44.69600239323268,-,m:61,113,m:0,87,m:53.98,m:0.00,0.539823,0.0,0.0,0.54,1.650526764913226,1.3709737111094067,1.9300798187170451,True,10.0,CG_58,CG_58.-,-44.15600239323268,44.15600239323268,0.2704428944163639,0.26955710558363616,207321474,207321475,206586770,206586771,0.2704428944163639
119,chr1,206586802,206586803,.,54.00063764060724,+,m:93,123,m:3,72,m:75.61,m:4.17,0.75609756,0.041666668,0.0,0.7183333333333334,1.6973971211945256,1.4065621727137223,1.9882320696753288,True,10.0,CG_59,CG_59.+,-53.282304307273904,53.282304307273904,0.3263182490572422,0.39201508427609116,207321506,207321507,206586802,206586803,0.3263182490572422
120,chr1,206586803,206586804,.,50.32180282583175,-,m:70,111,m:1,87,m:63.06,m:1.15,0.6306306,0.011494253,0.0,0.6185057471264368,1.6202894877316325,1.3396430264822363,1.900935948981028,True,10.0,CG_59,CG_59.-,-49.70329707870532,49.70329707870532,0.30422644271816074,0.31427930440827606,207321507,207321508,206586803,206586804,0.30422644271816074
121,chr1,206586817,206586818,.,71.23775734811855,+,m:103,116,m:4,71,m:88.79,m:5.63,0.88793105,0.056338027,0.0,0.8336619718309859,1.9795897274070149,1.6842575785831493,2.2749218762308807,True,10.0,CG_60,CG_60.+,-70.40409537628756,70.40409537628756,0.4298290424455407,0.4038329293854452,207321521,207321522,206586817,206586818,0.4298290424455407
122,chr1,206586818,206586819,.,91.69831226989017,-,m:86,92,m:0,73,m:93.48,m:0.00,0.9347826,0.0,0.0,0.9347826086956522,2.625117575717677,2.317908020604868,2.932327130830487,True,10.0,CG_60,CG_60.-,-90.76352966119451,90.76352966119451,0.5526969176506155,0.38208569104503676,207321522,207321523,206586818,206586819,0.5526969176506155
123,chr1,206586822,206586823,.,149.41578335524514,+,m:174,186,m:0,103,m:93.55,m:0.00,0.9354839,0.0,0.0,0.94,2.627964826574652,2.3872394205243097,2.868690232624995,True,10.0,CG_61,CG_61.+,-148.47578335524514,148.47578335524514,0.8992966585462973,0.04070334145370269,207321526,207321527,206586822,206586823,0.8992966585462973
124,chr1,206586823,206586824,.,89.29066611578253,-,m:102,113,m:1,77,m:90.27,m:1.30,0.9026549,0.012987013,0.0,0.887012987012987,2.27857672583502,1.9889488846387129,2.568204567031326,True,10.0,CG_61,CG_61.-,-88.40365312876955,88.40365312876955,0.5382387385674031,0.3487742484455839,207321527,207321528,206586823,206586824,0.5382387385674031
125,chr1,206586829,206586830,.,119.63093643142156,+,m:153,169,m:1,94,m:90.53,m:1.06,0.9053255,0.010638298,0.0,0.8993617021276596,2.309407546993272,2.057222875046084,2.5615922189404605,True,10.0,CG_62,CG_62.+,-118.7315747292939,118.7315747292939,0.7204353877337196,0.17892631439394002,207321533,207321534,206586829,206586830,0.7204353877337196
126,chr1,206586830,206586831,.,94.64586536648368,-,m:108,120,m:1,82,m:90.00,m:1.22,0.9,0.0121951215,0.0,0.8878048780487805,2.2767770271150733,1.9959581964999051,2.5575958577302416,True,10.0,CG_62,CG_62.-,-93.7580604884349,93.7580604884349,0.5703972971084188,0.3174075809403617,207321534,207321535,206586830,206586831,0.5703972971084188
127,chr1,206586832,206586833,.,115.83723127632716,+,m:162,175,m:3,90,m:92.57,m:3.33,0.9257143,0.033333335,0.0,0.8966666666666667,2.222291540948686,1.9680592278045863,2.4765238540927856,True,10.0,CG_63,CG_63.+,-114.9405646096605,114.9405646096605,0.6976537724088588,0.19901289425780788,207321536,207321537,206586832,206586833,0.6976537724088588
128,chr1,206586833,206586834,.,48.72490399507053,-,m:71,79,m:2,44,m:89.87,m:4.55,0.89873415,0.045454547,0.0,0.8532796317606445,2.064184170599895,1.6954946761605398,2.4328736650392506,True,10.0,CG_63,CG_63.-,-47.871624363309884,47.871624363309884,0.29463689018631223,0.5586427415743322,207321537,207321538,206586833,206586834,0.29463689018631223
129,chr1,206586846,206586847,.,115.84764683557496,+,m:156,174,m:0,85,m:89.66,m:0.00,0.8965517,0.0,0.0,0.9,2.4866838147951382,2.22731731208352,2.7460503175067563,True,10.0,CG_64,CG_64.+,-114.94764683557496,114.94764683557496,0.6977163189839025,0.2022836810160975,207321550,207321551,206586846,206586847,0.6977163189839025
130,chr1,206586847,206586848,.,87.8773864494334,-,m:100,114,m:0,75,m:87.72,m:0.00,0.877193,0.0,0.0,0.88,2.425514503000884,2.134110216584812,2.716918789416954,True,10.0,CG_64,CG_64.-,-86.9973864494334,86.9973864494334,0.5297518392463061,0.3502481607536939,207321551,207321552,206586847,206586848,0.5297518392463061
131,chr1,206586880,206586881,.,95.5798233490815,+,m:131,152,m:2,90,m:86.18,m:2.22,0.8618421,0.022222223,0.0,0.8377777777777777,2.080664382014065,1.8199813730073524,2.3413473910207774,True,10.0,CG_65,CG_65.+,-94.74204557130372,94.74204557130372,0.576005817175023,0.26177196060275476,207321584,207321585,206586880,206586881,0.576005817175023
132,chr1,206586881,206586882,.,83.52711030091612,-,m:101,117,m:0,72,m:86.32,m:0.00,0.8632479,0.0,0.0,0.86,2.384004891662536,2.090429388417941,2.6775803949071304,True,10.0,CG_65,CG_65.-,-82.66711030091612,82.66711030091612,0.503627954094253,0.356372045905747,207321585,207321586,206586881,206586882,0.503627954094253
133,chr1,206586906,206586907,.,74.68502368835254,+,m:114,169,m:0,97,m:67.46,m:0.00,0.6745562,0.0,0.0,0.67,1.9274200572031184,1.6777538924534352,2.177086221952802,True,10.0,CG_66,CG_66.+,-74.01502368835254,74.01502368835254,0.4505302547103081,0.21946974528969193,207321610,207321611,206586906,206586907,0.4505302547103081
134,chr1,206586907,206586908,.,40.746328995566216,-,m:72,110,m:4,80,m:65.45,m:5.00,0.6545454,0.05,0.0,0.6,1.434006437197036,1.1460123605668426,1.7220005138272294,True,10.0,CG_66,CG_66.-,-40.146328995566215,40.146328995566215,0.24672467269751389,0.3532753273024861,207321611,207321612,206586907,206586908,0.24672467269751389
135,chr1,206586928,206586929,.,70.277330241291,+,m:124,171,m:2,90,m:72.51,m:2.22,0.7251462,0.022222223,0.0,0.7077777777777777,1.738631238361092,1.4833910627391147,1.993871413983069,True,10.0,CG_67,CG_67.+,-69.56955246351322,69.56955246351322,0.42406157238637376,0.28371620539140396,207321632,207321633,206586928,206586929,0.42406157238637376
136,chr1,206586929,206586930,.,63.48418221901068,-,m:77,109,m:0,84,m:70.64,m:0.00,0.70642203,0.0,0.0,0.71,1.996370778955804,1.711810778074497,2.2809307798371097,True,10.0,CG_67,CG_67.-,-62.774182219010676,62.774182219010676,0.38326797384311057,0.3267320261568894,207321633,207321634,206586929,206586930,0.38326797384311057
137,chr1,206586957,206586958,.,163.90637093223944,+,m:182,187,m:1,105,m:97.33,m:0.95,0.973262,0.00952381,0.0,0.96,2.617591201200165,2.3785768028047545,2.8566055995955755,True,10.0,CG_68,CG_68.+,-162.94637093223943,162.94637093223943,0.9863142254141357,-0.02631422541413575,207321661,207321662,206586957,206586958,0.9863142254141357
138,chr1,206586958,206586959,.,76.21008126637423,-,m:76,82,m:1,67,m:92.68,m:1.49,0.9268293,0.014925373,0.0,0.9119038951583546,2.3488153190988985,2.0260425428801327,2.6715880953176643,True,10.0,CG_68,CG_68.-,-75.29817737121587,75.29817737121587,0.45968839264416905,0.4522155025141855,207321662,207321663,206586958,206586959,0.45968839264416905
139,chr1,206586965,206586966,.,95.3917966835275,+,m:136,157,m:2,87,m:86.62,m:2.30,0.86624205,0.022988506,0.0,0.8470114942528736,2.08834679554859,1.826387658150965,2.350305932946215,True,10.0,CG_69,CG_69.+,-94.54478518927463,94.54478518927463,0.5748766964367613,0.2721347978161123,207321669,207321670,206586965,206586966,0.5748766964367613
140,chr1,206586966,206586967,.,70.74201275354915,-,m:86,113,m:0,81,m:76.11,m:0.00,0.76106197,0.0,0.0,0.76,2.12013572165278,1.834792720438388,2.4054787228671715,True,10.0,CG_69,CG_69.-,-69.98201275354914,69.98201275354914,0.4268520418112945,0.3331479581887055,207321670,207321671,206586966,206586967,0.4268520418112945
141,chr1,206586988,206586989,.,144.4925620318504,+,m:168,178,m:1,103,m:94.38,m:0.97,0.94382024,0.009708738,0.0,0.93,2.4656063714836782,2.222960650244852,2.708252092722505,True,10.0,CG_70,CG_70.+,-143.5625620318504,143.5625620318504,0.8697321748124686,0.06026782518753149,207321692,207321693,206586988,206586989,0.8697321748124686
142,chr1,206586989,206586990,.,108.78301632807388,-,m:113,121,m:0,81,m:93.39,m:0.00,0.9338843,0.0,0.0,0.93,2.621490959237478,2.340113968175861,2.902867950299095,True,10.0,CG_70,CG_70.-,-107.85301632807388,107.85301632807388,0.6552924383567955,0.27470756164320453,207321693,207321694,206586989,206586990,0.6552924383567955
143,chr1,206586993,206586994,.,97.32669039455244,+,m:123,143,m:1,90,m:86.01,m:1.11,0.86013985,0.011111111,0.0,0.8488888888888889,2.163790878893783,1.9000746977786445,2.427507060008922,True,10.0,CG_71,CG_71.+,-96.47780150566355,96.47780150566355,0.5864959452758203,0.26239294361306864,207321697,207321698,206586993,206586994,0.5864959452758203
144,chr1,206586994,206586995,.,92.08509826304658,-,m:103,113,m:0,71,m:91.15,m:0.00,0.91150445,0.0,0.0,0.91,2.5374842817788617,2.240667394430456,2.8343011691272677,True,10.0,CG_71,CG_71.-,-91.17509826304658,91.17509826304658,0.5550196099392612,0.3549803900607388,207321698,207321699,206586994,206586995,0.5550196099392612
145,chr1,206586997,206586998,.,124.15057274403068,+,m:165,179,m:2,95,m:92.18,m:2.11,0.92178774,0.021052632,0.0,0.8989473684210527,2.2834847637698403,2.034693541172165,2.5322759863675155,True,10.0,CG_72,CG_72.+,-123.25162537560963,123.25162537560963,0.7475762992365196,0.15137106918453314,207321701,207321702,206586997,206586998,0.7475762992365196
146,chr1,206586998,206586999,.,96.32411194799612,-,m:105,115,m:0,75,m:91.30,m:0.00,0.9130435,0.0,0.0,0.91,2.5429246743318257,2.252023590305391,2.83382575835826,True,10.0,CG_72,CG_72.-,-95.41411194799612,95.41411194799612,0.5804753518009237,0.32952464819907634,207321702,207321703,206586998,206586999,0.5804753518009237
147,chr1,206587004,206587005,.,150.11833135934074,+,m:185,194,m:2,104,m:95.36,m:1.92,0.9536083,0.01923077,0.0,0.93,2.429168809054857,2.190970492158148,2.667367125951567,True,10.0,CG_73,CG_73.+,-149.18833135934074,149.18833135934074,0.9035155363246776,0.026484463675322423,207321708,207321709,206587004,206587005,0.9035155363246776
148,chr1,206587005,206587006,.,98.49568482724732,-,m:104,112,m:1,81,m:92.86,m:1.23,0.9285714,0.012345679,0.0,0.9176543209876544,2.377810998929603,2.091936626153873,2.6636853717053324,True,10.0,CG_73,CG_73.-,-97.57803050625967,97.57803050625967,0.5935158849901114,0.324138435997543,207321709,207321710,206587005,206587006,0.5935158849901114
149,chr1,206587012,206587013,.,25.91997387789405,+,m:51,181,m:0,104,m:28.18,m:0.00,0.28176796,0.0,1.3018091e-09,0.28,1.1191314420073188,0.8779662839905855,1.3602966000240522,True,8.853311125072294,CG_74,CG_74.+,-25.63997387789405,25.63997387789405,0.15769078494084046,0.12230921505915957,207321716,207321717,206587012,206587013,0.15769078494084046
150,chr1,206587013,206587014,.,7.195072552907845,-,m:12,101,m:0,83,m:11.88,m:0.00,0.11881188,0.0,0.0121100463951713,0.12,0.7038191768853113,0.4134454829263854,0.9941928708442372,True,1.9168541894285773,CG_74,CG_74.-,-7.075072552907845,7.075072552907845,0.04524569984798045,0.07475430015201955,207321717,207321718,206587013,206587014,0.04524569984798045
151,chr1,206587017,206587018,.,12.708998514753487,+,m:31,162,m:1,104,m:19.14,m:0.96,0.19135803,0.009615385,2.29933059304e-05,0.18,0.7090788180357377,0.4628069909526289,0.9553506451188464,True,4.638396693488421,CG_75,CG_75.+,-12.528998514753487,12.528998514753487,0.07835742968914798,0.10164257031085201,207321721,207321722,206587017,206587018,0.07835742968914798
152,chr1,206587018,206587019,.,8.78242005576277,-,m:17,92,m:1,89,m:18.48,m:1.12,0.18478261,0.011235955,0.0001142095169297,0.1735466536394724,0.6762845312867385,0.3848785501522696,0.9676905124212074,True,3.9422973251299793,CG_75,CG_75.-,-8.608873402123297,8.608873402123297,0.0547778956087286,0.11876875803074378,207321722,207321723,206587018,206587019,0.0547778956087286
153,chr1,206587020,206587021,.,24.466736489221148,+,m:42,135,m:0,91,m:31.11,m:0.00,0.31111112,0.0,3.452278e-10,0.31,1.1834013100581169,0.9175647367313808,1.449237883384853,True,9.351417726166488,CG_76,CG_76.+,-24.15673648922115,24.15673648922115,0.14896393511699657,0.16103606488300343,207321724,207321725,206587020,206587021,0.14896393511699657
154,chr1,206587021,206587022,.,20.32343119515616,-,m:31,86,m:0,66,m:36.05,m:0.00,0.3604651,0.0,2.0975757e-09,0.3604651162790697,1.2879710586601998,0.9672343327498464,1.6087077845705533,True,8.658056155832789,CG_76,CG_76.-,-19.96296607887709,19.96296607887709,0.12408293263421429,0.23638218364485541,207321725,207321726,206587021,206587022,0.12408293263421429
155,chr1,206587028,206587029,.,31.305572251313663,+,m:67,135,m:2,79,m:49.63,m:2.53,0.4962963,0.025316456,1.804e-13,0.4746835443037974,1.2438076704939736,0.9661724574083408,1.5214428835796063,True,9.99921723859334,CG_77,CG_77.+,-30.830888707009866,30.830888707009866,0.19003189354615285,0.28465165075764454,207321732,207321733,206587028,206587029,0.19003189354615285
156,chr1,206587029,206587030,.,14.003086643892232,-,m:18,79,m:0,85,m:22.78,m:0.00,0.2278481,0.0,2.4029347307e-06,0.2278481012658227,0.9952373381804972,0.6889373313145466,1.3015373450464476,True,5.619239952357829,CG_77,CG_77.-,-13.77523854262641,13.77523854262641,0.08612857076344003,0.14171953050238267,207321733,207321734,206587029,206587030,0.08612857076344003
157,chr1,206587031,206587032,.,42.064797502480985,+,m:70,153,m:0,96,m:45.75,m:0.00,0.45751634,0.0,0.0,0.46,1.4857264418856797,1.2305348079311904,1.7409180758401686,True,10.0,CG_78,CG_78.+,-41.604797502480984,41.604797502480984,0.25464222061294445,0.20535777938705557,207321735,207321736,206587031,206587032,0.25464222061294445
158,chr1,206587032,206587033,.,32.32207439397922,-,m:45,101,m:0,82,m:44.55,m:0.00,0.44554454,0.0,9e-15,0.45,1.4616689417097195,1.1703249791184218,1.7530129043010172,True,9.999960915255416,CG_78,CG_78.-,-31.872074393979222,31.872074393979222,0.19613610034251028,0.25386389965748973,207321736,207321737,206587032,206587033,0.19613610034251028
159,chr1,206587034,206587035,.,90.06654395692317,+,m:124,157,m:1,98,m:78.98,m:1.02,0.7898089,0.010204081,0.0,0.779795918367347,1.9866803055521132,1.734358190047928,2.239002421056299,True,10.0,CG_79,CG_79.+,-89.28674803855583,89.28674803855583,0.5428979700557052,0.2368979483116418,207321738,207321739,206587034,206587035,0.5428979700557052
160,chr1,206587035,206587036,.,59.84397402387026,-,m:73,102,m:1,87,m:71.57,m:1.15,0.71568626,0.011494253,0.0,0.7085057471264368,1.8019744855566289,1.5159394176442564,2.0880095534690013,True,10.0,CG_79,CG_79.-,-59.13546827674382,59.13546827674382,0.3614081245892138,0.347097622537223,207321739,207321740,206587035,206587036,0.3614081245892138
161,chr1,206587036,206587037,.,120.52255703087089,+,m:148,169,m:0,99,m:87.57,m:0.00,0.87573963,0.0,0.0,0.88,2.421097693662193,2.1730389507872783,2.669156436537108,True,10.0,CG_80,CG_80.+,-119.64255703087089,119.64255703087089,0.7257896671734645,0.1542103328265355,207321740,207321741,206587036,206587037,0.7257896671734645
162,chr1,206587037,206587038,.,77.27795913299258,-,m:91,114,m:1,90,m:79.82,m:1.11,0.7982456,0.011111111,0.0,0.788888888888889,1.998707750888576,1.7223386444664557,2.275076857310697,True,10.0,CG_80,CG_80.-,-76.48907024410369,76.48907024410369,0.4661011162947045,0.32278777259418445,207321741,207321742,206587037,206587038,0.4661011162947045
163,chr1,206587052,206587053,.,116.93175420671732,+,m:184,189,m:5,76,m:97.35,m:6.58,0.97354496,0.065789476,0.0,0.9042105263157896,2.2960534419254834,2.029837946989373,2.562268936861594,True,10.0,CG_81,CG_81.+,-116.02754368040152,116.02754368040152,0.7042265025881939,0.19998402372759572,207321756,207321757,206587052,206587053,0.7042265025881939
164,chr1,206587053,206587054,.,103.02814851574776,-,m:104,112,m:1,87,m:92.86,m:1.15,0.9285714,0.011494253,0.0,0.9185057471264368,2.385657611463161,2.105562201720478,2.665753021205844,True,10.0,CG_81,CG_81.-,-102.10964276862133,102.10964276862133,0.6207338262912844,0.29777192083515247,207321757,207321758,206587053,206587054,0.6207338262912844
165,chr1,206587055,206587056,.,154.1786642696207,+,m:187,192,m:2,98,m:97.40,m:2.04,0.9739583,0.020408163,0.0,0.9495918367346938,2.530731288266059,2.287408133964446,2.774054442567672,True,10.0,CG_82,CG_82.+,-153.229072432886,153.229072432886,0.9278982805473421,0.021693556187351692,207321759,207321760,206587055,206587056,0.9278982805473421
166,chr1,206587056,206587057,.,107.29864305796116,-,m:111,118,m:1,85,m:94.07,m:1.18,0.94067794,0.011764706,0.0,0.928235294117647,2.4321626846985214,2.153328739574849,2.7109966298221937,True,10.0,CG_82,CG_82.-,-106.37040776384352,106.37040776384352,0.6463786141517691,0.28185667996587793,207321760,207321761,206587056,206587057,0.6463786141517691
167,chr1,206587057,206587058,.,166.18539254056213,+,m:192,197,m:1,103,m:97.46,m:0.97,0.97461927,0.009708738,0.0,0.96,2.6242164396451484,2.385898358766339,2.862534520523958,True,10.0,CG_83,CG_83.+,-165.22539254056213,165.22539254056213,1.0,-0.040000000000000036,207321761,207321762,206587057,206587058,1.0
168,chr1,206587058,206587059,.,92.73154581166229,-,m:99,111,m:1,86,m:89.19,m:1.16,0.8918919,0.011627907,0.0,0.8783720930232558,2.255445963631336,1.9738862666834325,2.5370056605792395,True,10.0,CG_83,CG_83.-,-91.85317371863903,91.85317371863903,0.5589015983327151,0.3194704946905407,207321762,207321763,206587058,206587059,0.5589015983327151
169,chr1,206587066,206587067,.,91.5896082892652,+,m:135,159,m:2,87,m:84.91,m:2.30,0.8490566,0.022988506,0.0,0.8270114942528736,2.039141949387123,1.7777709153041863,2.3005129834700595,True,10.0,CG_84,CG_84.+,-90.76259679501233,90.76259679501233,0.5520441383307589,0.27496735592211463,207321770,207321771,206587066,206587067,0.5520441383307589
170,chr1,206587067,206587068,.,81.29971661798373,-,m:90,109,m:0,82,m:82.57,m:0.00,0.82568806,0.0,0.0,0.83,2.280193020852881,1.993679844431253,2.5667061972745087,True,10.0,CG_84,CG_84.-,-80.46971661798374,80.46971661798374,0.4902522108598456,0.33974778914015435,207321771,207321772,206587067,206587068,0.4902522108598456
171,chr1,206587069,206587070,.,117.01599293351182,+,m:142,157,m:1,95,m:90.45,m:1.05,0.9044586,0.010526316,0.0,0.8894736842105263,2.3075469192761524,2.052783697408169,2.562310141144136,True,10.0,CG_85,CG_85.+,-116.1265192493013,116.1265192493013,0.704732365376901,0.18474131883362532,207321773,207321774,206587069,206587070,0.704732365376901
172,chr1,206587070,206587071,.,106.86131452096733,-,m:104,115,m:0,92,m:90.43,m:0.00,0.90434784,0.0,0.0,0.9,2.512727665378231,2.2385762894440147,2.786879041312448,True,10.0,CG_85,CG_85.-,-105.96131452096732,105.96131452096732,0.6437524083468719,0.25624759165312816,207321774,207321775,206587070,206587071,0.6437524083468719
173,chr1,206587071,206587072,.,132.72853190610124,+,m:154,164,m:1,97,m:93.90,m:1.03,0.9390244,0.010309278,0.0,0.9296907216494844,2.4391461925114903,2.188096003009361,2.69019638201362,True,10.0,CG_86,CG_86.+,-131.79884118445176,131.79884118445176,0.7990878843264246,0.13060283732305977,207321775,207321776,206587071,206587072,0.7990878843264246
174,chr1,206587072,206587073,.,88.05611012632318,-,m:83,97,m:0,90,m:85.57,m:0.00,0.8556701,0.0,0.0,0.8556701030927835,2.362199499010488,2.07534492951565,2.649054068505326,True,10.0,CG_86,CG_86.-,-87.2004400232304,87.2004400232304,0.5308250945178392,0.32484500857494425,207321776,207321777,206587072,206587073,0.5308250945178392
175,chr1,206587073,206587074,.,154.51105407964542,+,m:169,176,m:0,100,m:96.02,m:0.00,0.96022725,0.0,0.0,0.96,2.740038080748917,2.494597540537918,2.985478620959916,True,10.0,CG_87,CG_87.+,-153.5510540796454,153.5510540796454,0.9298943177933358,0.030105682206664208,207321777,207321778,206587073,206587074,0.9298943177933358
176,chr1,206587074,206587075,.,74.47889339863099,-,m:74,92,m:0,85,m:80.43,m:0.00,0.8043478,0.0,0.0,0.8043478260869565,2.2252118563809296,1.9303413418053037,2.520082370956556,True,10.0,CG_87,CG_87.-,-73.67454557254403,73.67454557254403,0.4492924197243887,0.3550554063625678,207321778,207321779,206587074,206587075,0.4492924197243887
177,chr1,206587077,206587078,.,126.2245625255032,+,m:150,171,m:0,105,m:87.72,m:0.00,0.877193,0.0,0.0,0.88,2.425514503000884,2.182512458631096,2.668516547370671,True,10.0,CG_88,CG_88.+,-125.3445625255032,125.3445625255032,0.7600308352264213,0.11996916477357866,207321781,207321782,206587077,206587078,0.7600308352264213
178,chr1,206587078,206587079,.,72.47699620597842,-,m:84,104,m:0,75,m:80.77,m:0.00,0.8076923,0.0,0.0,0.81,2.233670103910492,1.9367584083043328,2.53058179951665,True,10.0,CG_88,CG_88.-,-71.66699620597842,71.66699620597842,0.437270807633189,0.37272919236681107,207321782,207321783,206587078,206587079,0.437270807633189
179,chr1,206587081,206587082,.,135.62535768652913,+,m:157,171,m:0,100,m:91.81,m:0.00,0.91812867,0.0,0.0,0.92,2.5612181211740737,2.3144808931905594,2.807955349157588,True,10.0,CG_89,CG_89.+,-134.70535768652914,134.70535768652914,0.8164836406898908,0.10351635931010927,207321785,207321786,206587081,206587082,0.8164836406898908
180,chr1,206587082,206587083,.,67.66333045115488,-,m:95,104,m:3,60,m:91.35,m:5.00,0.91346157,0.05,0.0,0.86,2.0933831869480115,1.775638922289511,2.411127451606512,True,10.0,CG_89,CG_89.-,-66.80333045115488,66.80333045115488,0.40836421709818554,0.45163578290181444,207321786,207321787,206587082,206587083,0.40836421709818554
181,chr1,206587087,206587088,.,35.265695352073294,+,m:65,137,m:2,97,m:47.45,m:2.06,0.47445256,0.020618556,1.81e-14,0.449381443298969,1.2314997651698427,0.9714180209794728,1.4915815093602127,True,9.999921399811878,CG_90,CG_90.+,-34.816313908774326,34.816313908774326,0.21381286687758083,0.23556857642138818,207321791,207321792,206587087,206587088,0.21381286687758083
182,chr1,206587088,206587089,.,26.98322909138102,-,m:43,114,m:0,81,m:37.72,m:0.00,0.37719297,0.0,5.8351e-12,0.38,1.3226432290119283,1.037823242461643,1.6074632155622142,True,9.975370275512006,CG_90,CG_90.-,-26.60322909138102,26.60322909138102,0.16407574905258365,0.21592425094741635,207321792,207321793,206587088,206587089,0.16407574905258365
183,chr1,206587089,206587090,.,44.91127294556151,+,m:78,145,m:2,101,m:53.79,m:1.98,0.537931,0.01980198,0.0,0.52,1.364355097950421,1.1103333169895953,1.618376878911247,True,10.0,CG_91,CG_91.+,-44.391272945561504,44.391272945561504,0.2717356176812017,0.24826438231879833,207321793,207321794,206587089,206587090,0.2717356176812017
184,chr1,206587090,206587091,.,22.189722176188862,-,m:34,94,m:1,90,m:36.17,m:1.11,0.3617021,0.011111111,1.526757e-10,0.3505910165484633,1.0793355817194086,0.7902863489157841,1.368384814523033,True,9.597436522478011,CG_91,CG_91.-,-21.8391311596404,21.8391311596404,0.13529021455939227,0.21530080198907103,207321794,207321795,206587090,206587091,0.13529021455939227
185,chr1,206587092,206587093,.,59.53246961932257,+,m:99,161,m:1,98,m:61.49,m:1.02,0.61490685,0.010204081,0.0,0.5997959183673469,1.6003068931387905,1.349192273751633,1.8514215125259477,True,10.0,CG_92,CG_92.+,-58.93267370095522,58.93267370095522,0.35953750649258187,0.24025841187476504,207321796,207321797,206587092,206587093,0.35953750649258187
186,chr1,206587093,206587094,.,37.09259118010175,-,m:52,105,m:0,81,m:49.52,m:0.00,0.4952381,0.0,1e-16,0.5,1.561272373859966,1.271426311886921,1.8511184358330115,True,9.999999565705735,CG_92,CG_92.-,-36.59259118010175,36.59259118010175,0.22478357659044507,0.27521642340955493,207321797,207321798,206587093,206587094,0.22478357659044507
187,chr1,206587105,206587106,.,9.694406268909631,+,m:26,164,m:1,102,m:15.85,m:0.98,0.15853658,0.009803922,0.0002910784780156,0.15,0.620679942651778,0.3735263661417997,0.8678335191617562,True,3.535989755371744,CG_93,CG_93.+,-9.544406268909631,9.544406268909631,0.060254472791219545,0.08974552720878046,207321809,207321810,206587105,206587106,0.060254472791219545
188,chr1,206587106,206587107,.,9.928374379173192,-,m:21,72,m:1,56,m:29.17,m:1.79,0.29166666,0.017857144,3.10484346344e-05,0.2738095238095238,0.8729577447843191,0.5237428057097868,1.2221726838588514,True,4.507958891951542,CG_93,CG_93.-,-9.654564855363668,9.654564855363668,0.061659476941094346,0.21215004686842942,207321810,207321811,206587106,206587107,0.061659476941094346
189,chr1,206587118,206587119,.,36.07945663883552,+,m:83,154,m:2,77,m:53.90,m:2.60,0.53896105,0.025974026,8.9e-15,0.514025974025974,1.3250563880545938,1.051499056969965,1.598613719139223,True,9.999961349511032,CG_94,CG_94.+,-35.56543066480954,35.56543066480954,0.2186995926096493,0.2953263814163247,207321822,207321823,206587118,206587119,0.2186995926096493
190,chr1,206587119,206587120,.,35.43091592870448,-,m:47,82,m:0,64,m:57.32,m:0.00,0.5731707,0.0,4e-16,0.573170731707317,1.717665205749249,1.3907556573076374,2.0445747541908608,True,9.999998262825546,CG_94,CG_94.-,-34.857745196997165,34.857745196997165,0.2148050345518422,0.35836569715547484,207321823,207321824,206587119,206587120,0.2148050345518422
191,chr1,206587149,206587150,.,13.985443782713672,+,m:29,176,m:0,103,m:16.48,m:0.00,0.16477273,0.0,9.64518467413e-05,0.16,0.8359750913110249,0.5928245468372485,1.0791256357848011,True,4.015689002333502,CG_95,CG_95.+,-13.825443782713672,13.825443782713672,0.08602262344804044,0.07397737655195956,207321853,207321854,206587149,206587150,0.08602262344804044
192,chr1,206587150,206587151,.,14.946464707809923,-,m:23,104,m:0,87,m:22.12,m:0.00,0.22115384,0.0,1.2064926405e-06,0.22,0.9791933102671692,0.6944270848583718,1.2639595356759667,True,5.918439327950484,CG_95,CG_95.-,-14.726464707809923,14.726464707809923,0.09179365945100569,0.12820634054899432,207321854,207321855,206587150,206587151,0.09179365945100569
193,chr1,206587153,206587154,.,34.18286252293257,+,m:61,165,m:0,101,m:36.97,m:0.00,0.36969697,0.0,2.664e-13,0.37,1.3071464350485438,1.0595261322466245,1.554766737850463,True,9.99884457784011,CG_96,CG_96.+,-33.81286252293257,33.81286252293257,0.2073103370377254,0.1626896629622746,207321857,207321858,206587153,206587154,0.2073103370377254
194,chr1,206587154,206587155,.,32.347814845808045,-,m:45,100,m:0,81,m:45.00,m:0.00,0.45,0.0,1.19e-14,0.45,1.470628881671368,1.1776442306290738,1.7636135327136622,True,9.999948322031432,CG_96,CG_96.-,-31.897814845808046,31.897814845808046,0.19629067457742808,0.25370932542257196,207321858,207321859,206587154,206587155,0.19629067457742808
195,chr1,206587174,206587175,.,37.36032226515141,+,m:76,143,m:0,65,m:53.15,m:0.00,0.5314685,0.0,1.6e-15,0.53,1.6337749719305072,1.3405809834711944,1.92696896038982,True,9.999993051343878,CG_97,CG_97.+,-36.83032226515141,36.83032226515141,0.22639133110503049,0.3036086688949695,207321878,207321879,206587174,206587175,0.22639133110503049
196,chr1,206587175,206587176,.,11.968706193987003,-,m:20,82,m:1,86,m:24.39,m:1.16,0.24390244,0.011627907,4.0366182397e-06,0.232274532047646,0.8169719591312642,0.5144571915397012,1.1194867267228272,True,5.393971563003353,CG_97,CG_97.-,-11.736431661939358,11.736431661939358,0.07391189315160153,0.15836263889604446,207321879,207321880,206587175,206587176,0.07391189315160153
197,chr1,206587177,206587178,.,29.796010497544387,+,m:58,170,m:0,95,m:34.12,m:0.00,0.34117648,0.0,1.17132e-11,0.34,1.2475493526065846,0.9964851671256524,1.4986135380875167,True,9.951895507739705,CG_98,CG_98.+,-29.456010497544387,29.456010497544387,0.18096680973559032,0.1590331902644097,207321881,207321882,206587177,206587178,0.18096680973559032
198,chr1,206587178,206587179,.,11.392336825829489,-,m:20,87,m:1,87,m:22.99,m:1.15,0.22988506,0.011494253,7.1440679109e-06,0.2183908045977011,0.7852506431424557,0.4880816707094704,1.082419615575441,True,5.14604834668385,CG_98,CG_98.-,-11.173946021231787,11.173946021231787,0.07045073191381661,0.14794007268388448,207321882,207321883,206587178,206587179,0.07045073191381661
199,chr1,206587181,206587182,.,43.83650898198022,+,m:69,140,m:0,92,m:49.29,m:0.00,0.49285713,0.0,0.0,0.49,1.5565100976021216,1.2934626137558691,1.819557581448374,True,10.0,CG_99,CG_99.+,-43.346508981980215,43.346508981980215,0.26528154226354517,0.22471845773645482,207321885,207321886,206587181,206587182,0.26528154226354517
200,chr1,206587182,206587183,.,21.91023289145616,-,m:50,84,m:4,56,m:59.52,m:7.14,0.5952381,0.071428575,1.782052e-10,0.5238095238095238,1.221343971849652,0.8832180610290266,1.5594698826702773,True,9.55563475676597,CG_99,CG_99.-,-21.386423367646636,21.386423367646636,0.13361185076676843,0.39019767304275543,207321886,207321887,206587182,206587183,0.13361185076676843
201,chr1,206587216,206587217,.,78.79369952503708,+,m:126,182,m:0,96,m:69.23,m:0.00,0.6923077,0.0,0.0,0.69,1.9655874862310885,1.7183586192957776,2.2128163531664,True,10.0,CG_100,CG_100.+,-78.10369952503709,78.10369952503709,0.4752033035054163,0.21479669649458366,207321920,207321921,206587216,206587217,0.4752033035054163
202,chr1,206587217,206587218,.,40.22503025728628,-,m:52,88,m:1,82,m:59.09,m:1.22,0.59090906,0.0121951215,0.0,0.5787139689578714,1.532316970474712,1.231484791455904,1.83314914949352,True,10.0,CG_100,CG_100.-,-39.64631628832841,39.64631628832841,0.24359421662902342,0.335119752328848,207321921,207321922,206587217,206587218,0.24359421662902342
203,chr1,206587230,206587231,.,132.1674715416351,+,m:153,168,m:0,100,m:91.07,m:0.00,0.91071427,0.0,0.0,0.91,2.5347076831916984,2.287158870791807,2.78225649559159,True,10.0,CG_101,CG_101.+,-131.2574715416351,131.2574715416351,0.7957186553339898,0.11428134466601025,207321934,207321935,206587230,206587231,0.7957186553339898
204,chr1,206587231,206587232,.,96.632777084503,-,m:107,120,m:0,80,m:89.17,m:0.00,0.89166665,0.0,0.0,0.89,2.470806609702904,2.187910176183861,2.7537030432219467,True,10.0,CG_101,CG_101.-,-95.742777084503,95.742777084503,0.5823289197817281,0.30767108021827194,207321935,207321936,206587231,206587232,0.5823289197817281
205,chr1,206587241,206587242,.,80.97037206649276,+,m:124,163,m:2,98,m:76.07,m:2.04,0.76073617,0.020408163,0.0,0.7395918367346939,1.8326767587675,1.5821457398823402,2.08320777765266,True,10.0,CG_102,CG_102.+,-80.23078022975807,80.23078022975807,0.48827446072517033,0.25131737600952353,207321945,207321946,206587241,206587242,0.48827446072517033
206,chr1,206587242,206587243,.,74.39429068581325,-,m:81,101,m:1,90,m:80.20,m:1.11,0.8019802,0.011111111,0.0,0.788888888888889,2.0080462911789043,1.7239387032215654,2.2921538791362432,True,10.0,CG_102,CG_102.-,-73.60540179692435,73.60540179692435,0.4487843711597117,0.34010451772917727,207321946,207321947,206587242,206587243,0.4487843711597117
207,chr1,206587244,206587245,.,112.55646164907743,+,m:147,178,m:0,104,m:82.58,m:0.00,0.8258427,0.0,0.0,0.83,2.280600639942849,2.0386950108746564,2.522506269011042,True,10.0,CG_103,CG_103.+,-111.72646164907744,111.72646164907744,0.677952391157044,0.15204760884295598,207321948,207321949,206587244,206587245,0.677952391157044
208,chr1,206587245,206587246,.,68.13234033611673,-,m:90,120,m:1,86,m:75.00,m:1.16,0.75,0.011627907,0.0,0.7383720930232558,1.8783093976657528,1.6013973490634172,2.155221446268089,True,10.0,CG_103,CG_103.-,-67.39396824309347,67.39396824309347,0.41118067287056154,0.32719142015269426,207321949,207321950,206587245,206587246,0.41118067287056154
209,chr1,206587270,206587271,.,34.50915091366164,+,m:59,116,m:2,89,m:50.86,m:2.25,0.5086207,0.02247191,3.2e-15,0.4875280898876404,1.2870914594491842,1.0109058642856907,1.5632770546126775,True,9.999986102798934,CG_104,CG_104.+,-34.021622823774,34.021622823774,0.20926973459200704,0.27825835529563336,207321974,207321975,206587270,206587271,0.20926973459200704
210,chr1,206587271,206587272,.,18.931236115389453,-,m:24,61,m:1,78,m:39.34,m:1.28,0.39344263,0.012820513,4.5897887e-09,0.3806221101303068,1.1290923935612298,0.7940935774056223,1.4640912097168377,True,8.328846724127407,CG_104,CG_104.-,-18.550614005259146,18.550614005259146,0.11572264856685119,0.26489946156345556,207321975,207321976,206587271,206587272,0.11572264856685119
211,chr1,206587272,206587273,.,53.231269716165855,+,m:81,132,m:1,92,m:61.36,m:1.09,0.6136364,0.010869565,0.0,0.5991304347826086,1.591178533050447,1.3249888489071804,1.8573682171937136,True,10.0,CG_105,CG_105.+,-52.632139281383246,52.632139281383246,0.3216981103323407,0.27743232445026794,207321976,207321977,206587272,206587273,0.3216981103323407
212,chr1,206587273,206587274,.,29.289322541832888,-,m:33,74,m:0,82,m:44.59,m:0.00,0.44594595,0.0,2.887e-13,0.4459459459459459,1.4624765251410794,1.1482176120232357,1.776735438258923,True,9.998747998226962,CG_105,CG_105.-,-28.84337659588694,28.84337659588694,0.1779240930180672,0.2680218529278787,207321977,207321978,206587273,206587274,0.1779240930180672
213,chr1,206587276,206587277,.,38.926101406347925,+,m:78,169,m:1,96,m:46.15,m:1.04,0.46153846,0.010416667,2.9e-15,0.4495833333333333,1.2893169887104827,1.0388260275659045,1.539807949855061,True,9.999987405642642,CG_106,CG_106.+,-38.47651807301459,38.47651807301459,0.23579400648968152,0.21378932684365176,207321980,207321981,206587276,206587277,0.23579400648968152
214,chr1,206587277,206587278,.,33.80476463228624,-,m:55,97,m:1,68,m:56.70,m:1.47,0.5670103,0.014705882,1.2e-15,0.5523044269254094,1.4620873294369423,1.1520958622392556,1.7720787966346294,True,9.999994788497487,CG_106,CG_106.-,-33.25246020536083,33.25246020536083,0.20503981775704833,0.34726460916836105,207321981,207321982,206587277,206587278,0.20503981775704833
215,chr1,206587285,206587286,.,44.50049887412729,+,m:92,147,m:3,81,m:62.59,m:3.70,0.6258503,0.037037037,0.0,0.5929629629629629,1.437916792097145,1.1667013971260527,1.7091321870682372,True,10.0,CG_107,CG_107.+,-43.907535911164324,43.907535911164324,0.2692688743529083,0.3236940886100546,207321989,207321990,206587285,206587286,0.2692688743529083
216,chr1,206587286,206587287,.,41.1193773594398,-,m:54,90,m:1,81,m:60.00,m:1.23,0.6,0.012345679,0.0,0.5876543209876544,1.5494722667372882,1.249291832123498,1.8496527013510784,True,10.0,CG_107,CG_107.-,-40.53172303845215,40.53172303845215,0.24896486901638812,0.3386894519712662,207321990,207321991,206587286,206587287,0.24896486901638812
217,chr1,206587288,206587289,.,47.34472249838245,+,m:82,153,m:1,97,m:53.59,m:1.03,0.53594774,0.010309278,0.0,0.5296907216494846,1.439334114157273,1.1849520349023783,1.6937161934121676,True,10.0,CG_108,CG_108.+,-46.815031776732965,46.815031776732965,0.2863487490022734,0.2433419726472112,207321992,207321993,206587288,206587289,0.2863487490022734
218,chr1,206587289,206587290,.,32.18017077170282,-,m:44,103,m:0,87,m:42.72,m:0.00,0.42718446,0.0,1.55e-14,0.43,1.424645508875536,1.1392503165645818,1.71004070118649,True,9.999932689571729,CG_108,CG_108.-,-31.75017077170282,31.75017077170282,0.19528395353516967,0.23471604646483032,207321993,207321994,206587289,206587290,0.19528395353516967
219,chr1,206587310,206587311,.,52.613513372006366,+,m:97,177,m:1,101,m:54.80,m:0.99,0.5480226,0.00990099,0.0,0.54,1.4676525600525754,1.223240197581874,1.712064922523277,True,10.0,CG_109,CG_109.+,-52.07351337200637,52.07351337200637,0.3179884157667957,0.22201158423320433,207322014,207322015,206587310,206587311,0.3179884157667957
220,chr1,206587311,206587312,.,66.09652653916027,-,m:69,95,m:0,90,m:72.63,m:0.00,0.7263158,0.0,0.0,0.7263157894736842,2.040510679403828,1.7522065267726596,2.3288148320349955,True,10.0,CG_109,CG_109.-,-65.37021074968658,65.37021074968658,0.3989553878525559,0.32736040162112834,207322015,207322016,206587311,206587312,0.3989553878525559
221,chr1,206587313,206587314,.,68.87989566223047,+,m:109,158,m:2,101,m:68.99,m:1.98,0.6898734,0.01980198,0.0,0.6699999999999999,1.6779426662142618,1.4282483005185795,1.927637031909944,True,10.0,CG_110,CG_110.+,-68.20989566223047,68.20989566223047,0.4156698245513938,0.25433017544860614,207322017,207322018,206587313,206587314,0.4156698245513938
222,chr1,206587314,206587315,.,79.2080770652471,-,m:87,111,m:0,90,m:78.38,m:0.00,0.7837838,0.0,0.0,0.78,2.1743447917712917,1.8963328983047332,2.452356685237849,True,10.0,CG_110,CG_110.-,-78.4280770652471,78.4280770652471,0.477691686058723,0.30230831394127705,207322018,207322019,206587314,206587315,0.477691686058723
223,chr1,206587344,206587345,.,56.96306457526234,+,m:129,171,m:4,73,m:75.44,m:5.48,0.75438595,0.05479452,0.0,0.6952054794520548,1.6320049249752815,1.3579841319007415,1.906025718049822,True,10.0,CG_111,CG_111.+,-56.26785909581028,56.26785909581028,0.34410794754308555,0.35109753190896925,207322048,207322049,206587344,206587345,0.34410794754308555
224,chr1,206587345,206587346,.,56.2737423372875,-,m:71,108,m:0,83,m:65.74,m:0.00,0.6574074,0.0,0.0,0.66,1.8910578595238248,1.6049604992625313,2.177155219785118,True,10.0,CG_111,CG_111.-,-55.613742337287505,55.613742337287505,0.33996849194007783,0.3200315080599222,207322049,207322050,206587345,206587346,0.33996849194007783
225,chr1,206587373,206587374,.,31.85666798406413,+,m:57,154,m:0,94,m:37.01,m:0.00,0.37012988,0.0,8.802e-13,0.37,1.3080431326440778,1.0515063497150234,1.564579915573132,True,9.99619406542377,CG_112,CG_112.+,-31.48666798406413,31.48666798406413,0.1933412838328055,0.1766587161671945,207322077,207322078,206587373,206587374,0.1933412838328055
226,chr1,206587374,206587375,.,42.60559229842028,-,m:65,100,m:2,76,m:65.00,m:2.63,0.65,0.02631579,0.0,0.6236842105263158,1.5496059723782716,1.251344176290425,1.8478677684661184,True,10.0,CG_112,CG_112.-,-41.98190808789396,41.98190808789396,0.2578897526448503,0.36579445788146553,207322078,207322079,206587374,206587375,0.2578897526448503
227,chr1,206587376,206587377,.,38.18086827538335,+,m:50,78,m:0,58,m:64.10,m:0.00,0.64102566,0.0,0.0,0.6410256410256411,1.856727900620207,1.5169021795618411,2.1965536216785733,True,10.0,CG_113,CG_113.+,-37.539842634357704,37.539842634357704,0.23131879984528056,0.4097068411803605,207322080,207322081,206587376,206587377,0.23131879984528056
228,chr1,206587377,206587378,.,39.98412116264453,-,m:41,46,m:0,35,m:89.13,m:0.00,0.8913044,0.0,0.0,0.8913043478260869,2.469641840353264,2.030021617128192,2.9092620635783355,True,10.0,CG_113,CG_113.-,-39.09281681481844,39.09281681481844,0.24214753110708218,0.6491568167190047,207322081,207322082,206587377,206587378,0.24214753110708218
229,chr1,206587397,206587398,.,46.85565290067712,+,m:101,172,m:3,92,m:58.72,m:3.26,0.5872093,0.032608695,0.0,0.557391304347826,1.3829618373399346,1.1298036850073063,1.636119989672563,True,10.0,CG_114,CG_114.+,-46.2982615963293,46.2982615963293,0.2834118324559136,0.2739794718919124,207322101,207322102,206587397,206587398,0.2834118324559136
230,chr1,206587398,206587399,.,28.78654626213668,-,m:49,101,m:1,73,m:48.51,m:1.37,0.48514852,0.01369863,1.422e-13,0.4763013698630137,1.3064689464121997,1.0053759884729625,1.6075619043514364,True,9.999382871920881,CG_114,CG_114.-,-28.31024489227367,28.31024489227367,0.17490486634381644,0.3013965035191972,207322102,207322103,206587398,206587399,0.17490486634381644
231,chr1,206587409,206587410,.,115.40355580041069,+,m:155,172,m:2,95,m:90.12,m:2.11,0.9011628,0.021052632,0.0,0.8789473684210527,2.2107591454609845,1.960218786337154,2.4612995045848147,True,10.0,CG_115,CG_115.+,-114.52460843198963,114.52460843198963,0.6950495036361821,0.18389786478487058,207322113,207322114,206587409,206587410,0.6950495036361821
232,chr1,206587410,206587411,.,66.87569260082947,-,m:66,76,m:0,64,m:86.84,m:0.00,0.8684211,0.0,0.0,0.868421052631579,2.3991837978129453,2.0666656706800737,2.731701924945817,True,10.0,CG_115,CG_115.-,-66.00727154819789,66.00727154819789,0.40363436546558884,0.46478668716599014,207322114,207322115,206587410,206587411,0.40363436546558884
233,chr1,206587433,206587434,.,16.329140051097227,+,m:35,159,m:0,86,m:22.01,m:0.00,0.22012578,0.0,1.3429228049e-06,0.22,0.9767141302439868,0.7143627548117811,1.2390655056761926,True,5.871916612827827,CG_116,CG_116.+,-16.109140051097228,16.109140051097228,0.10009677645725004,0.11990322354274996,207322137,207322138,206587433,206587434,0.10009677645725004
234,chr1,206587434,206587435,.,10.70561152513801,-,m:23,111,m:1,87,m:20.72,m:1.15,0.2072072,0.011494253,1.6325541937e-05,0.1985057471264367,0.7303586291743338,0.4497121679249379,1.0110050904237298,True,4.787129732918699,CG_116,CG_116.-,-10.507105778011574,10.507105778011574,0.06632687120387346,0.13217887592256325,207322138,207322139,206587434,206587435,0.06632687120387346
235,chr1,206587505,206587506,.,43.83836994442845,+,m:82,161,m:1,95,m:50.93,m:1.05,0.50931674,0.010526316,0.0,0.4994736842105263,1.3838735068537762,1.1303061562070411,1.6374408575005113,True,10.0,CG_117,CG_117.+,-43.33889626021792,43.33889626021792,0.26529271754704675,0.23418096666347954,207322209,207322210,206587505,206587506,0.26529271754704675
236,chr1,206587506,206587507,.,38.155044833068416,-,m:54,86,m:0,58,m:62.79,m:0.00,0.627907,0.0,0.0,0.627906976744186,1.8294859083368435,1.4964691302990365,2.1625026863746504,True,10.0,CG_117,CG_117.-,-37.52713785632423,37.52713785632423,0.23116372724339623,0.3967432495007898,207322210,207322211,206587506,206587507,0.23116372724339623
237,chr1,206587512,206587513,.,51.09657913357205,+,m:93,163,m:1,93,m:57.06,m:1.08,0.5705522,0.010752688,0.0,0.559247311827957,1.5046093384099095,1.2499070791865838,1.7593115976332356,True,10.0,CG_118,CG_118.+,-50.53733182174409,50.53733182174409,0.3088790593776429,0.2503682524503141,207322216,207322217,206587512,206587513,0.3088790593776429
238,chr1,206587513,206587514,.,48.19886131749206,-,m:62,105,m:0,84,m:59.05,m:0.00,0.5904762,0.0,0.0,0.59,1.752751108469814,1.4658417591464434,2.0396604577931843,True,10.0,CG_118,CG_118.-,-47.60886131749206,47.60886131749206,0.2914779462423003,0.2985220537576997,207322217,207322218,206587513,206587514,0.2914779462423003
239,chr1,206587525,206587526,.,34.068734628028665,+,m:80,181,m:3,105,m:44.20,m:2.86,0.44198895,0.028571429,1.8686e-12,0.41,1.1148197520573486,0.8743850384697534,1.355254465644944,True,9.991959662394242,CG_119,CG_119.+,-33.65873462802867,33.65873462802867,0.2066249865180506,0.20337501348194936,207322229,207322230,206587525,206587526,0.2066249865180506
240,chr1,206587526,206587527,.,27.63224621578391,-,m:44,94,m:1,76,m:46.81,m:1.32,0.4680851,0.013157895,6.514e-13,0.4549272116461366,1.2770012826678747,0.9746569524787996,1.57934561285695,True,9.997180179960164,CG_119,CG_119.-,-27.17731900413777,27.17731900413777,0.1679731680303181,0.2869540436158185,207322230,207322231,206587526,206587527,0.1679731680303181
241,chr1,206587539,206587540,.,50.9743258664646,+,m:96,177,m:1,99,m:54.24,m:1.01,0.5423729,0.01010101,0.0,0.52989898989899,1.4542963522465062,1.2083171426992183,1.700275561793794,True,10.0,CG_120,CG_120.+,-50.444426876565615,50.444426876565615,0.308144915107177,0.22175407479181297,207322243,207322244,206587539,206587540,0.308144915107177
242,chr1,206587540,206587541,.,46.40202954581147,-,m:66,95,m:1,68,m:69.47,m:1.47,0.69473684,0.014705882,0.0,0.6800309597523221,1.727722360134618,1.4163890176868783,2.039055702582358,True,10.0,CG_120,CG_120.-,-45.72199858605915,45.72199858605915,0.2806877744834471,0.39934318526887497,207322244,207322245,206587540,206587541,0.2806877744834471
243,chr1,206587552,206587553,.,32.10894103487891,+,m:61,176,m:0,101,m:34.66,m:0.00,0.3465909,0.0,1.8415e-12,0.35,1.2589481584122495,1.0142836609436292,1.5036126558808698,True,9.992075212683885,CG_121,CG_121.+,-31.75894103487891,31.75894103487891,0.1948562111572903,0.15514378884270968,207322256,207322257,206587552,206587553,0.1948562111572903
244,chr1,206587553,206587554,.,22.560959293513463,-,m:36,120,m:0,90,m:30.00,m:0.00,0.3,0.0,9.677771e-10,0.3,1.1592795067410082,0.8859755868558226,1.432583426626194,True,8.971519397441662,CG_121,CG_121.-,-22.260959293513462,22.260959293513462,0.1375195341441898,0.1624804658558102,207322257,207322258,206587553,206587554,0.1375195341441898
245,chr1,206587730,206587731,.,65.72294848929846,+,m:102,150,m:1,93,m:68.00,m:1.08,0.68,0.010752688,0.0,0.669247311827957,1.7313004194562476,1.4726196619655478,1.9899811769469475,True,10.0,CG_122,CG_122.+,-65.0537011774705,65.0537011774705,0.39671201071125783,0.2725353011166992,207322434,207322435,206587730,206587731,0.39671201071125783
246,chr1,206587731,206587732,.,57.28404461640866,-,m:70,103,m:0,81,m:67.96,m:0.00,0.6796116,0.0,0.0,0.68,1.9382317781228864,1.6471628271074925,2.2293007291382803,True,10.0,CG_122,CG_122.-,-56.60404461640866,56.60404461640866,0.3460354678762179,0.33396453212378213,207322435,207322436,206587731,206587732,0.3460354678762179
247,chr1,206587744,206587745,.,14.995382884327569,+,m:49,121,m:5,75,m:40.50,m:6.67,0.40495867,0.06666667,6.694540817e-07,0.3333333333333333,0.857235140738781,0.56919513570121,1.145275145776352,True,6.174214338091425,CG_123,CG_123.+,-14.662049550994235,14.662049550994235,0.09208741846343767,0.24124591486989566,207322448,207322449,206587744,206587745,0.09208741846343767
248,chr1,206587745,206587746,.,26.356272910953837,-,m:31,60,m:0,59,m:51.67,m:0.00,0.51666665,0.0,4.4412e-12,0.5166666666666667,1.6041358042493794,1.244783908170586,1.9634877003281728,True,9.981128146899033,CG_123,CG_123.-,-25.83960624428717,25.83960624428717,0.16031080846175888,0.35635585820490784,207322449,207322450,206587745,206587746,0.16031080846175888
249,chr1,206587761,206587762,.,75.91940829793725,+,m:121,176,m:1,103,m:68.75,m:0.97,0.6875,0.009708738,0.0,0.6799999999999999,1.757806966690847,1.5146564222170702,2.000957511164623,True,10.0,CG_124,CG_124.+,-75.23940829793725,75.23940829793725,0.4579428696049381,0.22205713039506186,207322465,207322466,206587761,206587762,0.4579428696049381
250,chr1,206587762,206587763,.,67.1433789924223,-,m:82,115,m:0,87,m:71.30,m:0.00,0.71304345,0.0,0.0,0.71,2.010959292186446,1.7324656857363077,2.289452898636584,True,10.0,CG_124,CG_124.-,-66.4333789924223,66.4333789924223,0.4052418515910667,0.3047581484089333,207322466,207322467,206587762,206587763,0.4052418515910667
251,chr1,206587798,206587799,.,56.32436184216118,+,m:120,166,m:7,93,m:72.29,m:7.53,0.72289157,0.07526882,0.0,0.6447311827956989,1.4770144697560237,1.223149688776817,1.7308792507352304,True,10.0,CG_125,CG_125.+,-55.67963065936548,55.67963065936548,0.34027246761578855,0.3044587151799103,207322502,207322503,206587798,206587799,0.34027246761578855
252,chr1,206587799,206587800,.,44.86012726319285,-,m:74,106,m:4,79,m:69.81,m:5.06,0.6981132,0.050632913,0.0,0.6493670886075948,1.5242773615684806,1.2329592560975664,1.8155954670393948,True,10.0,CG_125,CG_125.-,-44.21076017458525,44.21076017458525,0.2714284822519537,0.37793860635564114,207322503,207322504,206587799,206587800,0.2714284822519537
253,chr1,206587862,206587863,.,121.27789815424173,+,m:158,182,m:0,99,m:86.81,m:0.00,0.8681319,0.0,0.0,0.87,2.398328651810518,2.1535644163763634,2.643092887244672,True,10.0,CG_126,CG_126.+,-120.40789815424172,120.40789815424172,0.73032557342031,0.13967442657968998,207322566,207322567,206587862,206587863,0.73032557342031
254,chr1,206587863,206587864,.,66.85369093997406,-,m:96,117,m:5,87,m:82.05,m:5.75,0.82051283,0.057471264,0.0,0.7625287356321838,1.782451318914811,1.504984779559356,2.059917858270266,True,10.0,CG_126,CG_126.-,-66.09116220434187,66.09116220434187,0.40350224308031524,0.3590264925518686,207322567,207322568,206587863,206587864,0.40350224308031524
255,chr1,206587962,206587963,.,39.37046656508198,+,m:102,150,m:8,81,m:68.00,m:9.88,0.68,0.09876543,1e-15,0.5812345679012346,1.2996897148376874,1.0294395658817104,1.5699398637936643,True,9.999995657076896,CG_127,CG_127.+,-38.78923199718075,38.78923199718075,0.23846246797948806,0.34277209992174656,207322666,207322667,206587962,206587963,0.23846246797948806
256,chr1,206587963,206587964,.,21.12155491015085,-,m:67,110,m:11,76,m:60.91,m:14.47,0.6090909,0.14473684,8.414224e-10,0.4652631578947368,1.010196932789642,0.7178480594995129,1.3025458060797712,True,9.026215472397958,CG_127,CG_127.-,-20.656291752256113,20.656291752256113,0.12887575303361756,0.3363874048611193,207322667,207322668,206587963,206587964,0.12887575303361756
257,chr1,206587995,206587996,.,70.61311451429333,+,m:145,166,m:13,91,m:87.35,m:14.29,0.87349397,0.14285715,0.0,0.7271428571428571,1.6391228868364285,1.3834763507922383,1.894769422880619,True,10.0,CG_128,CG_128.+,-69.88597165715048,69.88597165715048,0.42607799375465133,0.30106486338820576,207322699,207322700,206587995,206587996,0.42607799375465133
258,chr1,206587996,206587997,.,54.71973463811764,-,m:105,115,m:17,82,m:91.30,m:20.73,0.9130435,0.20731707,0.0,0.7026829268292684,1.5974595843220127,1.314173424169211,1.8807457444748148,True,10.0,CG_128,CG_128.-,-54.017051711288374,54.017051711288374,0.3306365053551903,0.37204642147407807,207322700,207322701,206587996,206587997,0.3306365053551903
259,chr1,206588088,206588089,.,15.642107984187248,+,m:60,176,m:6,99,m:34.09,m:6.06,0.3409091,0.060606062,1.5973249932e-06,0.2793939393939394,0.7495052097486343,0.5032754696225248,0.995734949874744,True,5.796579524909225,CG_129,CG_129.+,-15.362714044793309,15.362714044793309,0.09597107358253687,0.18342286581140255,207322792,207322793,206588088,206588089,0.09597107358253687
260,chr1,206588089,206588090,.,17.234289936182734,-,m:45,116,m:4,83,m:38.79,m:4.82,0.38793105,0.04819277,4.03389096e-08,0.3418072289156627,0.9020756427431624,0.620297963161841,1.1838533223244838,True,7.393200563295861,CG_129,CG_129.-,-16.89248270726707,16.89248270726707,0.10553230074032965,0.23627492817533302,207322793,207322794,206588089,206588090,0.10553230074032965
261,chr1,206588173,206588174,.,13.005293087446772,+,m:169,178,m:68,94,m:94.94,m:72.34,0.9494382,0.7234042,4.85469722993e-05,0.2265957446808509,0.6540039836346261,0.4041083803747529,0.9038995868944992,True,4.313836955716785,CG_130,CG_130.+,-12.77869734276592,12.77869734276592,0.08013671107818214,0.14645903360266876,207322877,207322878,206588173,206588174,0.08013671107818214
262,chr1,206588174,206588175,.,10.281479608207576,-,m:109,117,m:59,86,m:93.16,m:68.60,0.93162394,0.68604654,6.99466435837e-05,0.243953488372093,0.6604059236879221,0.3820157169717397,0.9387961304041044,True,4.155232499564575,CG_130,CG_130.-,-10.037526119835483,10.037526119835483,0.06377991254907928,0.18017357582301372,207322878,207322879,206588174,206588175,0.06377991254907928
263,chr1,206588704,206588705,.,6.08891511454965,+,m:123,173,m:47,96,m:71.10,m:48.96,0.7109827,0.48958334,0.0063270662268059,0.2204166666666666,0.4564468580358192,0.2070071652634657,0.7058865508081726,True,2.1987976127962927,CG_131,CG_131.+,-5.868498447882983,5.868498447882983,0.03860310317291472,0.18181356349375188,207323408,207323409,206588704,206588705,0.03860310317291472
264,chr1,206588705,206588706,.,5.728373652987784,-,m:82,109,m:40,79,m:75.23,m:50.63,0.7522936,0.5063291,0.0033100748103678,0.2436708860759493,0.5162451597230562,0.2266440504439261,0.8058462690021863,True,2.480162177586444,CG_131,CG_131.-,-5.484702766911835,5.484702766911835,0.03643801217343742,0.20723287390251188,207323409,207323410,206588705,206588706,0.03643801217343742
265,chr1,206588908,206588909,.,17.646543301436907,+,m:150,159,m:50,79,m:94.34,m:63.29,0.9433962,0.6329114,1.0283091141e-06,0.3070886075949366,0.8213006903006743,0.5515115515448858,1.0910898290564628,True,5.987834083151505,CG_132,CG_132.+,-17.33945469384197,17.33945469384197,0.10800792739017304,0.19908068020476358,207323612,207323613,206588908,206588909,0.10800792739017304
266,chr1,206588909,206588910,.,4.283805813023321,-,m:94,102,m:60,79,m:92.16,m:75.95,0.92156863,0.75949365,0.0119593943881455,0.160506329113924,0.4574256480093943,0.163678440348382,0.7511728556704067,True,1.9222908084006352,CG_132,CG_132.-,-4.123299483909396,4.123299483909396,0.02776322393994948,0.13274310517397453,207323613,207323614,206588909,206588910,0.02776322393994948
267,chr1,206588990,206588991,.,3.0117562664856905,+,m:167,183,m:82,102,m:91.26,m:80.39,0.91256833,0.8039216,0.0826387585278417,0.1099999999999999,0.3171025338205848,0.0749188447695745,0.5592862228715951,False,1.0828162152678111,CG_133,CG_133.+,-2.9017562664856906,2.9017562664856906,0.020124426970061407,0.0898755730299385,207323694,207323695,206588990,206588991,0.020124426970061407
268,chr1,206588991,206588992,.,0.8453941787543044,-,m:95,102,m:54,63,m:93.14,m:85.71,0.9313725,0.85714287,0.3462882814349219,0.0728571428571429,0.2450706717926514,-0.0689944453783136,0.5591357889636164,False,0.4605622048144713,CG_133,CG_133.-,-0.7725370358971615,0.7725370358971615,0.007115185155160625,0.06574195770198227,207323695,207323696,206588991,206588992,0.007115185155160625
269,chr1,206589158,206589159,.,0.2547103934065831,+,m:167,182,m:85,97,m:91.76,m:87.63,0.9175824,0.87628865,1.0,0.0437113402061856,0.1364650733190981,-0.1099280776648507,0.3828582243030471,False,-4.342945178152237e-11,CG_134,CG_134.+,-0.21099905320039747,0.21099905320039747,0.0035680642729924456,0.040143275933193154,207323862,207323863,206589158,206589159,0.0035680642729924456
270,chr1,206589159,206589160,.,-0.1975411166305036,-,m:70,81,m:44,53,m:86.42,m:83.02,0.86419755,0.8301887,1.0,0.0340088516189144,0.0946554476825096,-0.2516186816527179,0.4409295770177373,False,-4.342945178152237e-11,CG_134,CG_134.-,0.231549968249418,-0.231549968249418,0.0008522443791040538,0.03315660723981034,207323863,207323864,206589159,206589160,0.0008522443791040538
271,chr1,206589212,206589213,.,8.124228404232667,+,m:162,175,m:63,86,m:92.57,m:73.26,0.9257143,0.73255813,0.0010642598345652,0.1974418604651163,0.5349373047656716,0.276830119505102,0.7930444900262412,True,2.9729522871158633,CG_135,CG_135.+,-7.926786543767551,7.926786543767551,0.05082538258987737,0.14661647787523893,207323916,207323917,206589212,206589213,0.05082538258987737
272,chr1,206589213,206589214,.,7.355193301166935,-,m:109,114,m:65,84,m:95.61,m:77.38,0.95614034,0.77380955,0.0005184905923965,0.1861904761904761,0.5693024129903037,0.2874715065474824,0.851133319433125,True,3.285259035373535,CG_135,CG_135.-,-7.169002824976459,7.169002824976459,0.04620724249382075,0.13998323369665536,207323917,207323918,206589213,206589214,0.04620724249382075
273,chr1,206589436,206589437,.,0.0395710769345782,+,m:176,190,m:99,104,m:92.63,m:95.19,0.9263158,0.9519231,1.0,-0.0199999999999999,-0.1076740092967396,-0.1313977547503317,0.346745773343811,False,-4.342945178152237e-11,CG_136,CG_136.+,-0.0595710769345781,0.0595710769345781,0.0022761290938610197,-0.022276129093860918,207324140,207324141,206589436,206589437,0.0022761290938610197
274,chr1,206589437,206589438,.,-0.2449151443998403,-,m:112,116,m:82,86,m:96.55,m:95.35,0.9655172,0.95348835,1.0,0.0165116279069766,0.061187810916488,-0.2177102890023772,0.3400859108353533,False,-4.342945178152237e-11,CG_136,CG_136.-,0.2614267723068169,-0.2614267723068169,0.0005677581491762972,0.0159438697578003,207324141,207324142,206589437,206589438,0.0005677581491762972
275,chr1,206589745,206589746,.,0.6709177763935941,+,m:172,172,m:97,98,m:100.00,m:98.98,1.0,0.9897959,1.0,0.010204081632653,0.2023756371516132,-0.0456820623980084,0.4504333367012348,False,-4.342945178152237e-11,CG_137,CG_137.+,-0.6607136947609411,0.6607136947609411,0.006067435232763605,0.004136646399889395,207324449,207324450,206589745,206589746,0.006067435232763605
276,chr1,206589746,206589747,.,0.7309143871891308,-,m:100,102,m:72,72,m:98.04,m:100.00,0.98039216,1.0,1.0,-0.02,-0.2809793950776713,-0.0207074553468377,0.5826662455021805,False,-4.342945178152237e-11,CG_137,CG_137.-,-0.7509143871891308,0.7509143871891308,0.006427721457459761,-0.026427721457459762,207324450,207324451,206589746,206589747,0.006427721457459761
277,chr1,206589861,206589862,.,-0.1852427494821427,+,m:162,178,m:92,99,m:91.01,m:92.93,0.9101124,0.9292929,1.0,-0.0192929292929292,-0.0707010144445408,-0.1750302283394975,0.3164322572285791,False,-4.342945178152237e-11,CG_138,CG_138.+,0.1659498201892135,-0.1659498201892135,0.0009260974219852661,-0.020219026714914465,207324565,207324566,206589861,206589862,0.0009260974219852661
278,chr1,206589862,206589863,.,2.314911236195144,-,m:88,97,m:69,70,m:90.72,m:98.57,0.9072165,0.98571426,0.0694586432548979,-0.0784977908689249,-0.3794261794534423,0.0720491285739862,0.6868032303328986,False,1.1582737034501858,CG_138,CG_138.-,-2.393409027064069,2.393409027064069,0.015939796174544257,-0.09443758704346916,207324566,207324567,206589862,206589863,0.015939796174544257
279,chr1,206589930,206589931,.,0.8527319368536155,+,m:108,109,m:63,66,m:99.08,m:95.45,0.9908257,0.95454544,1.0,0.0354545454545454,0.2378406160866979,-0.0678498531790719,0.5435310853524677,False,-4.342945178152237e-11,CG_139,CG_139.+,-0.8172773913990701,0.8172773913990701,0.007159249196916982,0.028295296257628416,207324634,207324635,206589930,206589931,0.007159249196916982
280,chr1,206589931,206589932,.,-0.3278910244659219,-,m:5,5,m:5,5,m:100.00,m:100.00,1.0,1.0,1.0,0.0,0.0,-1.2395900646091231,1.2395900646091231,False,-4.342945178152237e-11,CG_139,CG_139.-,0.3278910244659219,-0.3278910244659219,6.947889350751662e-05,-6.947889350751662e-05,207324635,207324636,206589931,206589932,6.947889350751662e-05
281,chr1,206589955,206589956,.,-0.326868084960298,+,m:6,6,m:4,4,m:100.00,m:100.00,1.0,1.0,1.0,0.0,0.0,-1.26515131188166,1.26515131188166,False,-4.342945178152237e-11,CG_140,CG_140.+,0.326868084960298,-0.326868084960298,7.562175737410683e-05,-7.562175737410683e-05,207324659,207324660,206589955,206589956,7.562175737410683e-05
282,chr1,206589956,206589957,.,-0.3192634544678148,-,m:4,4,m:3,3,m:100.00,m:100.00,1.0,1.0,1.0,0.0,0.0,-1.4969472197570088,1.4969472197570088,False,-4.342945178152237e-11,CG_140,CG_140.-,0.3192634544678148,-0.3192634544678148,0.00012128839710619437,-0.00012128839710619437,207324660,207324661,206589956,206589957,0.00012128839710619437
283,chr1,206590032,206590033,.,1.3232362251527403,+,m:2,6,m:5,6,m:33.33,m:83.33,0.33333334,0.8333333,0.1865004078029359,-0.5,-1.0695644912956503,-0.0620212427805211,2.201150225371822,False,0.7293202139904116,CG_141,CG_141.+,-1.8232362251527403,1.8232362251527403,0.009984679025150782,-0.5099846790251508,207324736,207324737,206590032,206590033,0.009984679025150782
284,chr1,206590033,206590034,.,0.310154928303842,-,m:2,4,m:1,1,m:50.00,m:100.00,0.5,1.0,0.7252291975347126,-0.5,-1.5707963267948963,-0.6205100246465574,3.7621026782363503,False,0.13952471958427604,CG_141,CG_141.-,-0.8101549283038421,0.8101549283038421,0.0039010147829178126,-0.5039010147829178,207324737,207324738,206590033,206590034,0.0039010147829178126
