read_name_str,read_lengths,mapping_qualities,avg_base_qualities,mode_base_qualities,median_base_qualities,num_overlap_aligned_bases,fraction_overlap_aligned,num_nones,fraction_nones,num_inserts,fraction_inserts,num_mismatches,fraction_mismatches,num_ambiguous
75fdd01a-d47f-414e-bf08-0df5aeac9bef,6850,60,23.287737226277372,28,25.0,6416,0.9870769230769231,93,0.013576642335766423,80,0.01167883211678832,74,0.010802919708029197,0
576c9a85-804e-4bd0-994f-21adda06118e,6731,60,19.909374535730205,28,21.0,6263,0.9635384615384616,246,0.036547318377655624,98,0.014559500817114842,98,0.014559500817114842,0
e40e256e-5235-4908-a5f9-fa6c6b18fdb9,6910,60,24.63068017366136,29,27.0,6436,0.9901538461538462,69,0.009985528219971056,100,0.01447178002894356,39,0.005643994211287988,0
7fd26c02-b5cd-4451-82bf-8f8e02f8511b,6724,60,15.636674598453302,7,14.0,6160,0.9476923076923077,348,0.05175490779298037,199,0.029595478881618086,287,0.042682926829268296,0
78f83075-7c30-4fd4-b846-4aab2cf98c9b,6768,60,17.51817375886525,20,17.0,6313,0.9712307692307692,190,0.028073286052009455,193,0.028516548463356974,163,0.024083924349881797,0
f23fd7db-9f43-4c96-938e-9949dd0c4b7f,6796,60,25.095938787522073,29,27.0,6442,0.9910769230769231,60,0.008828722778104767,75,0.01103590347263096,30,0.0044143613890523835,0
084e895c-44c8-4efe-aefc-cd94e6069dac,6721,60,21.846005058771016,29,24.0,6336,0.9747692307692307,171,0.02544264246391906,136,0.0202350840648713,118,0.01755691117393245,0
c8abaa59-5fc2-4461-8c0a-7685a6282b23,6724,60,22.335217132659132,28,25.0,6366,0.9793846153846154,141,0.020969660916121357,97,0.014425936942296252,76,0.011302795954788817,0
bd577027-da9b-4a16-b507-274bb4e590d6,6766,60,24.284658587052913,28,26.0,6438,0.9904615384615385,63,0.009311262193319538,66,0.00975465563109666,34,0.005025125628140704,0
3061ffdc-50b6-44de-bb2b-a60a54c84813,6803,60,23.594149639864767,29,26.0,6416,0.9870769230769231,86,0.01264148169925033,107,0.015728355137439365,61,0.00896663236807291,0
6a985c72-92c1-44cd-a025-9a2b97b8d606,6607,60,14.192220372332375,6,12.0,6101,0.9386153846153846,410,0.062055395792341456,245,0.037081882851521114,334,0.05055244437717572,0
b7439656-35b4-4a16-af60-a17705e51b0d,6806,60,23.22024684102263,29,26.0,6356,0.9778461538461538,154,0.022627093740816926,178,0.02615339406406112,84,0.012342051131354687,0
418c6239-d74d-4b3e-9da6-3353f3b3fa9a,6494,60,21.01385894672005,28,23.0,6165,0.9484615384615385,128,0.01971050200184786,132,0.020326455189405606,123,0.018940560517400677,0
a9bab6cf-d2a2-4b52-985d-a2eddffbad95,3658,60,24.173045379989066,29,26.0,3399,0.5229230769230769,25,0.00683433570256971,56,0.01530891197375615,19,0.00519409513395298,0
37d87207-49ce-462d-84fb-30029076351e,6740,60,23.68026706231454,29,26.0,6380,0.9815384615384616,121,0.01795252225519288,92,0.013649851632047478,58,0.008605341246290801,0
a415c8a3-392b-4bf4-a8e5-c14f1d979834,6816,60,22.476819248826292,27,25.0,6409,0.986,93,0.013644366197183098,127,0.01863262910798122,60,0.008802816901408451,0
9685e1d0-34bf-4c66-9692-56bd56e2d5c2,6791,60,22.99867471653659,29,25.0,6419,0.9875384615384616,84,0.01236931232513621,93,0.013694595788543661,49,0.007215432189662789,0
4b664aba-fd14-4211-b0d6-4a6b01caee99,6810,60,24.931718061674008,29,27.0,6436,0.9901538461538462,66,0.009691629955947136,94,0.013803230543318648,53,0.007782672540381791,0
a9fb359f-56ef-4f76-b687-24bf9abb9aa9,6755,60,21.771872686898593,29,25.0,6349,0.9767692307692307,152,0.02250185048112509,139,0.020577350111028868,138,0.020429311621021466,0
63d77674-e6fb-495e-aa69-6ead8862d4ce,6249,60,25.056329012642024,29,27.0,5971,0.9186153846153846,47,0.007521203392542807,75,0.01200192030724916,31,0.00496079372699632,0
8be7eb08-9b3c-46a3-b173-a6507ca54d70,6771,60,23.599320632107517,29,26.0,6398,0.9843076923076923,111,0.01639344262295082,100,0.014768867227883621,55,0.008122876975335992,0
3fab3364-b2c8-481f-9c94-d5591e433ab3,6792,60,24.75014723203769,28,27.0,6425,0.9884615384615385,77,0.011336866902237928,87,0.012809187279151944,38,0.0055948174322732625,0
478e54d3-4d1f-4855-97f9-e64f80ba513c,6796,60,25.545320776927603,29,27.0,6462,0.9941538461538462,38,0.005591524426133019,66,0.009711595055915245,26,0.0038257798705120657,0
40ff4013-326d-4516-9f72-a767026f76a5,6822,60,25.452799765464672,28,27.0,6453,0.9927692307692307,47,0.006889475227206098,87,0.012752858399296393,35,0.005130460275579009,0
899f0747-75ac-411f-b8f1-bcaaa2d1d0d8,6790,60,23.968924889543445,29,26.0,6422,0.988,87,0.012812960235640648,95,0.013991163475699559,45,0.0066273932253313695,0
52d4c4ef-9154-4bfe-8da7-3d61b67ec952,6787,60,23.961396787977016,29,26.0,6408,0.9858461538461538,94,0.013850007367025196,99,0.014586709886547812,62,0.009135111242080447,0
4c1700f2-66d1-4f73-9770-ef4de0edfef6,6778,60,24.205370315727354,28,26.0,6429,0.9890769230769231,71,0.01047506639126586,85,0.01254057244024786,36,0.005311301268810859,0
9d291f6a-10d6-46e7-8448-5ce7a6524588,6824,60,24.267145369284876,28,26.0,6429,0.9890769230769231,71,0.010404454865181711,113,0.01655920281359906,52,0.0076201641266119575,0
57784470-2520-4d4e-a625-a2b72022e732,6842,60,19.40529085062847,29,21.0,6254,0.9621538461538461,264,0.03858520900321544,144,0.02104647763811751,162,0.023677287342882197,0
29066a18-3b16-4812-a093-5bc2b523b086,6793,60,25.83424113057559,28,28.0,6442,0.9910769230769231,62,0.009127042543795084,73,0.010746356543500663,24,0.003533048726630355,0
91acf433-ca95-404e-b6db-2f7f3645c2eb,6794,60,23.944657050338535,28,26.0,6424,0.9883076923076923,76,0.011186340889019724,88,0.012952605239917574,49,0.007212246099499558,0
171f1c4a-58d7-4694-b753-e9fdb7433d88,6793,60,22.18695716178419,29,25.0,6402,0.9849230769230769,108,0.015898719269836596,119,0.017518033269542176,71,0.010451935816281467,0
4c95a7db-3d72-4466-8298-af6fc2084811,6793,60,24.057412041807744,29,26.0,6414,0.9867692307692307,90,0.01324893272486383,101,0.01486824672456941,52,0.007654938907699102,0
0a67f3e3-7d2f-48ea-a7fc-339b0fb2bd9c,6800,60,23.136176470588236,29,25.0,6418,0.9873846153846154,87,0.012794117647058824,110,0.016176470588235296,61,0.008970588235294117,0
1fbf0f4e-0c5b-415b-b2bf-0b2445b6d3f2,6810,60,24.915271659324524,29,27.0,6444,0.9913846153846154,57,0.008370044052863436,86,0.01262848751835536,42,0.006167400881057269,0
13c72b3d-8ae7-4b0d-ae17-bcb50096844b,1386,60,20.883116883116884,26,23.0,1160,0.17846153846153845,76,0.05483405483405483,35,0.025252525252525252,19,0.013708513708513708,0
0f324613-4abb-421b-8485-26b138f81c7b,6722,60,21.81791133591193,28,24.0,6343,0.9758461538461538,159,0.02365367450163642,105,0.015620351085986313,79,0.011752454626599226,0
ac71fafd-7bc7-4a9c-b229-0230cd17b241,6758,60,18.264279372595443,7,19.0,6362,0.9787692307692307,146,0.021604024859425867,139,0.0205682154483575,159,0.023527670908552827,0
70f77a80-fe37-4569-8b8f-b5bd13bec6ca,3832,60,19.8410751565762,29,21.0,3513,0.5404615384615384,96,0.025052192066805846,119,0.03105427974947808,58,0.015135699373695199,0
2e63fa13-6f71-4d2b-8f24-73db28c3e3a0,3074,60,22.632400780741705,28,25.0,2827,0.4349230769230769,46,0.014964216005204945,53,0.017241379310344827,24,0.007807417046193884,0
dd0b9674-d74f-40bb-8b77-fff29a2bb059,4926,60,14.671538773853024,6,13.0,4526,0.6963076923076923,231,0.04689403166869671,205,0.0416159155501421,197,0.03999187982135607,0
5573c1c9-50ec-4e49-8f52-496060e063e0,6765,60,24.243754619364374,28,26.0,6424,0.9883076923076923,81,0.01197339246119734,82,0.012121212121212121,45,0.0066518847006651885,0
fa67c1c1-18fd-4ae4-a9b9-34f264dd6135,6704,60,19.36082935560859,27,20.0,6276,0.9655384615384616,230,0.034307875894988064,152,0.022673031026252982,142,0.021181384248210023,0
bae5afbe-6086-494d-966d-401bbcdbb9b7,3848,60,24.096153846153847,29,26.0,3576,0.5501538461538461,43,0.011174636174636175,69,0.017931392931392932,35,0.009095634095634096,0
896cfee0-76ac-4a38-bde7-43387d2da3f2,6818,60,22.33675564681725,27,24.0,6426,0.9886153846153846,75,0.011000293341155765,116,0.017013787034320917,80,0.011733646230566148,0
26ea0ab8-f22a-463f-ab1a-b907cd78b88c,6821,60,22.76455065239701,29,25.0,6386,0.9824615384615385,116,0.017006304060988124,155,0.022723940771147925,71,0.010409030933880663,0
1d53bd86-0945-4bef-9f9d-f02d6457e5a9,6776,60,22.782762691853602,28,25.0,6398,0.9843076923076923,102,0.015053128689492325,96,0.014167650531286895,60,0.00885478158205431,0
0d71820f-8092-4e8c-a068-e8f57ce5f035,6816,60,24.890698356807512,29,27.0,6452,0.9926153846153846,48,0.007042253521126761,82,0.012030516431924883,39,0.005721830985915493,0
7e2452ed-e409-49f3-b269-50ae341b649f,6782,60,24.5573577115895,29,27.0,6431,0.9893846153846154,76,0.011206133883810086,76,0.011206133883810086,39,0.005750516071955175,0
6557f694-28c5-4830-831a-d8090e4727d8,6798,60,25.099146807884672,28,27.0,6445,0.9915384615384616,58,0.008531921153280376,87,0.012797881729920565,32,0.004707266843189173,0
9da69c23-724d-4a19-8592-e033d386b4f2,6805,60,24.25304922850845,29,27.0,6431,0.9893846153846154,72,0.010580455547391624,95,0.013960323291697281,56,0.00822924320352682,0
62af08d4-43de-4d85-85a8-15ce595ab596,4305,60,23.426480836236934,30,25.0,4047,0.6226153846153846,82,0.01904761904761905,64,0.0148664343786295,41,0.009523809523809525,0
7aa6f904-efbb-4a42-84c1-6857ab91604a,6731,60,20.83776556232358,29,23.0,6342,0.9756923076923077,160,0.023770613578963005,109,0.016193730500668548,92,0.01366810280790373,0
df837c08-df93-449d-ae81-a5c92d287e64,6810,60,24.769603524229076,29,27.0,6421,0.9878461538461538,79,0.011600587371512481,107,0.015712187958883995,44,0.0064610866372980915,0
d6cb22a0-f34c-4ad0-a61c-273a4bc254d1,6732,60,18.849227569815806,29,19.0,6253,0.962,258,0.03832442067736185,209,0.03104575163398693,163,0.024212715389185978,0
2ec33793-0343-4c0d-a00e-193aa97a5b3b,6756,60,23.020722320899942,29,25.0,6403,0.9850769230769231,99,0.014653641207815276,88,0.013025458851391355,60,0.008880994671403197,0
d652cedc-14b9-4daf-ab18-8295280b7a44,6716,60,20.506104824300177,29,23.0,6339,0.9752307692307692,185,0.027546158427635498,137,0.020399047051816558,140,0.02084574151280524,0
71f78d2b-0573-48f7-8e50-6a36576785fe,6784,60,23.23054245283019,28,25.0,6409,0.986,97,0.014298349056603774,99,0.01459316037735849,36,0.005306603773584905,0
2d7f4220-70c0-407d-8da4-6a23d24e8214,2723,60,23.127800220345208,30,25.0,2467,0.37953846153846155,23,0.008446566287183254,56,0.02056555269922879,18,0.006610356224752111,0
41a7aea7-8a92-4694-a9ad-2fb4b146c421,3671,60,25.649414328520837,30,28.0,3404,0.5236923076923077,43,0.011713429583219831,65,0.01770634704440207,17,0.004630890765459003,0
50370db7-7007-4719-9a6d-49e18ba73125,6548,60,13.739920586438608,5,11.0,6048,0.9304615384615385,472,0.07208307880268784,238,0.036346976175931585,400,0.06108735491753207,0
7ea232a0-4265-4016-8786-6b37377fbb63,824,60,26.20873786407767,30,29.0,570,0.0876923076923077,2,0.0024271844660194173,52,0.06310679611650485,2,0.0024271844660194173,0
5ba03fca-59d9-4f99-abef-221e20c9d5cf,6932,60,20.553231390652048,27,22.0,6350,0.9769230769230769,158,0.02279284477784189,133,0.019186381996537796,108,0.015579919215233698,0
4c2fc1ca-838b-4773-9404-06e36dbd41e9,6740,60,19.96261127596439,28,21.0,6309,0.9706153846153847,200,0.02967359050445104,158,0.02344213649851632,98,0.014540059347181009,0
1a16a49a-6ec2-4efe-9b07-79e8745d4762,6727,60,24.3096476884198,29,27.0,6384,0.9821538461538462,125,0.01858183439869184,85,0.012635647391110451,42,0.006243496357960458,0
9f991b08-e91b-49ee-9553-179cfe2a92f3,6791,60,25.360035340892356,29,27.0,6439,0.9906153846153846,64,0.00942423796200854,90,0.01325283463407451,23,0.0033868355175968195,0
a1b432d8-9da1-4938-975d-38b0bb31a46b,1995,60,21.762907268170427,27,24.0,1737,0.2672307692307692,30,0.015037593984962405,58,0.029072681704260653,43,0.02155388471177945,0
ec34fe68-38e2-421d-a068-2b517388d04f,6798,60,21.96395998823183,29,24.0,6389,0.9829230769230769,111,0.016328331862312445,129,0.018976169461606355,101,0.014857310973815829,0
8ab1a26e-0cbb-4488-8158-2d472e1f503f,6778,60,22.419297727943345,28,24.0,6401,0.9847692307692307,102,0.015048686928297432,99,0.014606078489229861,68,0.010032457952198289,0
07a3c94b-7eff-4de4-b7f0-68c46c4bed6b,6790,60,24.58718703976436,29,27.0,6427,0.9887692307692307,81,0.011929307805596465,89,0.013107511045655376,40,0.005891016200294551,0
e79c3bad-1ca3-451b-97af-797e2b2a76f8,6945,60,24.627789776817856,29,27.0,6394,0.9836923076923076,109,0.015694744420446365,92,0.013246940244780417,46,0.0066234701223902084,0
a573ab95-cda9-4d3e-831d-b3b727838f21,6777,60,22.427917957798435,29,25.0,6355,0.9776923076923076,150,0.02213368747233289,145,0.021395897889921793,94,0.013870444149328611,0
64ab3c99-f294-402e-99a9-3ce59fc77283,4601,60,15.05129319713106,7,13.0,4280,0.6584615384615384,203,0.04412084329493588,120,0.02608128667680939,209,0.04542490762877635,0
d3b7b96d-d511-4c80-8565-6e74ce45cb98,6591,60,22.323926566530115,29,25.0,6210,0.9553846153846154,295,0.044758003337884995,104,0.015779092702169626,69,0.010468821119708694,0
3e7821bb-e006-4821-b225-f7f4c1034635,6756,60,19.805210183540556,27,21.0,6330,0.9738461538461538,181,0.02679100059206631,155,0.02294256956779159,93,0.013765541740674956,0
6ae7cae5-28ce-445b-af0c-7c754ecbc588,7766,60,23.17022920422354,28,25.0,6407,0.9856923076923076,96,0.012361576100952872,1081,0.13919649755343808,58,0.007468452227659027,0
b786e158-b276-4222-b714-6eb7bb36804a,6771,60,23.38930734012701,28,25.0,6404,0.9852307692307692,96,0.014178112538768276,85,0.012553537143701079,43,0.006350612907989957,0
b4e8758a-d497-4a95-9efd-7ef975f31da6,6815,60,19.76742479823918,27,20.0,6351,0.9770769230769231,149,0.02186353631694791,182,0.02670579603815114,110,0.016140865737344093,0
27ed6ad9-0e83-45a4-8c80-930227f67a6f,3419,60,25.893243638490787,28,28.0,3165,0.4869230769230769,34,0.009944428195378765,51,0.014916642293068149,16,0.00467973091547236,0
333bb11f-63e9-4ed6-8705-704038c57752,6810,60,25.101174743024963,29,27.0,6446,0.9916923076923077,54,0.007929515418502203,82,0.012041116005873716,48,0.007048458149779736,0
6d8815f6-e9f9-479f-b9eb-154abdf979da,6786,60,21.693486590038315,29,23.0,6369,0.9798461538461538,140,0.0206307102858827,144,0.021220159151193633,79,0.011641615089890952,0
ce038d4e-db8a-4c70-98f3-effdcc900947,6806,60,22.75639141933588,29,25.0,6390,0.9830769230769231,110,0.01616220981486923,136,0.01998236849838378,94,0.013811342932706435,0
926e05cb-e945-4993-b449-249f13afc68d,6798,60,24.119593998234777,27,26.0,6431,0.9893846153846154,75,0.011032656663724626,91,0.013386290085319212,37,0.005442777287437482,0
fad0f604-9945-4670-a715-29bff4e17ec3,943,60,25.485683987274655,30,29.0,710,0.10923076923076923,6,0.006362672322375398,32,0.033934252386002124,6,0.006362672322375398,0
2afca136-cea0-4373-a067-f7fe6e078c6d,5863,60,24.86781511171755,28,27.0,5582,0.8587692307692307,55,0.009380863039399626,79,0.01347433054750128,28,0.0047757120927852635,0
38890870-3148-445a-adb1-0a08b721c9ad,6798,60,24.162989114445423,29,26.0,6431,0.9893846153846154,74,0.010885554574874964,97,0.014268902618417182,43,0.006325389820535452,0
70fdc0cc-f553-4cab-a156-8d24217c1a1f,6793,60,24.668923892242013,29,27.0,6414,0.9867692307692307,87,0.012807301634035036,98,0.014426615633740616,46,0.006771676726041513,0
7ed2a0ae-54fa-42bd-9b04-be5937e83eea,6809,60,24.470847407842562,29,27.0,6446,0.9916923076923077,59,0.008665002202966662,86,0.012630342194154796,56,0.008224408870612425,0
88257860-54df-43ee-b018-aadc6f2ff2c7,6808,60,24.281433607520565,28,26.0,6430,0.9892307692307692,72,0.010575793184488837,98,0.014394829612220916,42,0.006169212690951821,0
6c227db1-e089-48fa-a3da-97ec13c3c86d,6778,60,21.311153732664504,29,23.0,6377,0.9810769230769231,132,0.01947477131897315,128,0.01888462673354972,73,0.010770138683977575,0
31d90899-7893-4356-8304-60ee885144a8,6791,60,24.9388897069651,29,27.0,6429,0.9890769230769231,72,0.010602267707259609,81,0.01192755117066706,40,0.0058901487262553376,0
7e1de1ab-def8-4e3d-a456-037515692584,6781,60,24.209556112667748,28,26.0,6425,0.9884615384615385,78,0.011502728211178292,90,0.013272378705205722,37,0.005456422356584574,0
66249d05-ec5d-4598-896a-2ed5eb8c96be,6769,60,21.56404195597577,27,24.0,6387,0.9826153846153847,114,0.016841483232382923,101,0.014920963214655044,96,0.014182301669375093,0
fd6bf2a2-b371-4f07-91f7-4a6d27622a8d,6808,60,24.118243243243242,29,27.0,6419,0.9875384615384616,81,0.01189776733254994,113,0.016598119858989423,54,0.007931844888366627,0
c544c717-d8b1-4b51-ac13-ad0112a94ee0,6757,60,24.341423708746486,28,26.0,6429,0.9890769230769231,75,0.011099600414385083,67,0.009915643036850674,40,0.005919786887672044,0
748e7f89-7f6a-40d3-a877-8a3a0aa4a8e0,6754,60,22.15057743559372,30,26.0,6343,0.9758461538461538,168,0.02487414865265028,140,0.020728457210541902,129,0.019099792715427895,0
3ea3b9c6-ff90-4554-954a-5b65850e9ab2,6795,60,24.454451802796175,29,27.0,6426,0.9886153846153846,77,0.011331861662987492,92,0.013539367181751288,43,0.0063281824871228845,0
ec2caf46-6cda-48fb-aad2-09bcd0452929,6816,60,25.433832159624412,29,27.0,6448,0.992,55,0.00806924882629108,89,0.013057511737089201,26,0.0038145539906103286,0
f250718e-4c5f-4c59-abd7-5364d7252a6c,6744,60,23.129744958481613,27,25.0,6411,0.9863076923076923,92,0.013641755634638196,68,0.010083036773428233,70,0.010379596678529062,0
d996a8bb-4a27-4eb0-b5df-ff88e81e79c7,6784,60,23.883549528301888,29,26.0,6388,0.9827692307692307,112,0.01650943396226415,114,0.016804245283018868,56,0.008254716981132075,0
c3627478-c0a8-4fd1-a081-6ed1b03f1453,6755,60,24.506291635825313,29,27.0,6411,0.9863076923076923,90,0.013323464100666173,78,0.01154700222057735,36,0.005329385640266469,0
4db5c7ad-c2be-41d6-8254-06d458b0524a,6790,60,25.595876288659795,29,28.0,6444,0.9913846153846154,56,0.008247422680412371,78,0.011487481590574375,21,0.003092783505154639,0
777e4c20-08aa-486d-82c5-81841f17fbb8,3118,60,23.046824887748556,29,25.0,2856,0.4393846153846154,57,0.018280949326491342,61,0.0195638229634381,30,0.009621552277100705,0
bc4fe0ca-837f-4a36-bd4d-b4bdc577662e,6725,60,18.24,7,18.0,6311,0.9709230769230769,211,0.03137546468401487,160,0.02379182156133829,159,0.023643122676579927,0
8725b7a2-407e-4286-8717-ff2ccaa80d23,6886,60,20.297995933778683,27,22.0,6336,0.9747692307692307,170,0.024687772291606156,279,0.040516990996224224,119,0.01728144060412431,0
d3f3fe10-0a2a-4877-a3ff-da346b5d5e6c,6982,60,24.010169006015467,29,26.0,6431,0.9893846153846154,73,0.010455456889143512,93,0.013319965625895158,61,0.008736751647092523,0
b519f40f-1034-4c0f-9a18-87ee4aa1d14a,6760,60,19.929585798816568,29,22.0,6339,0.9752307692307692,169,0.025,147,0.021745562130177514,150,0.022189349112426034,0
170bd711-5c31-4172-b24f-d7e1f5dbb15f,6788,60,25.091632292280494,29,27.0,6423,0.9881538461538462,80,0.011785503830288745,86,0.012669416617560401,44,0.00648202710665881,0
45fa5785-205c-4b1f-9b27-3389bc075e94,6760,60,23.930029585798817,28,26.0,6413,0.9866153846153846,87,0.012869822485207101,79,0.011686390532544378,45,0.006656804733727811,0
f223b15e-8f91-450f-b2f4-6e5407625649,6729,60,16.232575419824638,7,16.0,6227,0.958,282,0.04190815871600535,229,0.03403180264526676,219,0.032545697726259475,0
a8bf8c1a-9974-47d5-99ba-f71bb3a18e1e,6768,60,20.325797872340427,27,22.0,6350,0.9769230769230769,150,0.022163120567375887,136,0.02009456264775414,98,0.014479905437352246,0
5f2b64be-2d00-49f7-9d79-bc4d94e9361b,4092,60,21.363636363636363,29,23.0,3794,0.5836923076923077,67,0.016373411534701857,99,0.024193548387096774,44,0.010752688172043012,0
9b126d9a-7b42-4eb0-a0c4-9866e08dd070,6712,60,21.09877830750894,28,23.0,6308,0.9704615384615385,196,0.029201430274135878,131,0.019517282479141834,112,0.0166865315852205,0
2b7ba849-d3c8-42e3-9901-f4ecc5a96705,6798,60,23.985142689026183,29,26.0,6424,0.9883076923076923,76,0.011179758752574287,92,0.013533392174168874,45,0.006619593998234775,0
a71015ed-29f5-47b3-88a9-4fdcd10176ee,6806,60,23.573170731707318,28,25.0,6424,0.9883076923076923,78,0.011460476050543638,105,0.015427563914193358,42,0.006171025565677344,0
42c9fe8f-3b50-4c1a-bbea-3a508cba6f65,5751,60,16.376282385672056,7,16.0,5411,0.8324615384615385,186,0.03234220135628586,141,0.024517475221700575,157,0.02729960006955312,0
b6063eb5-2579-4fb0-b71a-091500986ee3,6744,60,22.216340450771057,30,25.0,6362,0.9787692307692307,138,0.020462633451957295,100,0.01482799525504152,89,0.01319691577698695,0
5d6c7c9a-d928-451d-a094-3a0e6b60993b,6815,60,23.847248716067497,29,26.0,6419,0.9875384615384616,81,0.011885546588407923,114,0.01672780630961115,59,0.008657373440939104,0
3e4274a8-32a9-4f54-99a7-f6c7a5956027,6794,60,23.261701501324698,27,25.0,6434,0.9898461538461538,69,0.010156020017662644,83,0.012216661760376803,43,0.006329113924050633,0
ea0778c3-be7c-47d9-98d6-fec4f54d2d2b,6850,60,20.81897810218978,29,23.0,6314,0.9713846153846154,197,0.02875912408759124,275,0.040145985401459854,95,0.013868613138686132,0
a3f25052-9de5-4b9f-8b07-6abfe823d272,6779,60,24.090868859713822,29,26.0,6420,0.9876923076923076,80,0.011801150612184688,92,0.013571323204012392,52,0.007670747897920047,0
a00e2a28-812b-495c-b0b6-eab9ca6726ef,6755,60,22.722871946706142,29,25.0,6395,0.9838461538461538,109,0.01613619541080681,100,0.014803849000740192,63,0.00932642487046632,0
b4759fce-b01f-4d31-aa6c-91bf42ac5601,6915,60,22.809689081706434,28,25.0,6408,0.9858461538461538,101,0.014605929139551698,235,0.03398409255242227,80,0.011569052783803326,0
468e8802-6575-4728-80ad-e1cb5df1deba,5042,60,15.47044823482745,7,14.0,4066,0.6255384615384615,250,0.04958349861166204,777,0.1541055136850456,177,0.03510511701705672,0
d018c472-30e5-4371-a5e3-ed44847aee2a,6983,60,24.54646999856795,29,27.0,6423,0.9881538461538462,79,0.011313189173707576,100,0.014320492624946298,41,0.005871401976227982,0
d8ad7e13-d21e-4357-98a9-f3dfb76e81a3,1166,60,25.668953687821613,29,28.0,929,0.14292307692307693,13,0.011149228130360206,37,0.03173241852487135,8,0.00686106346483705,0
e103312a-257f-4934-b519-8a49dd20c9d1,6734,60,23.332046332046332,29,25.0,6348,0.9766153846153847,157,0.023314523314523314,109,0.016186516186516186,65,0.009652509652509652,0
583bf760-c4a6-41df-b364-7d4b4b3a7ada,6791,60,25.450890884994845,28,27.0,6428,0.9889230769230769,73,0.010749521425415992,82,0.012074804888823443,34,0.005006626417317037,0
d8ff12b6-67f5-4eae-9aa4-c9b8ec26af7c,6888,60,24.829268292682926,28,27.0,6454,0.9929230769230769,48,0.006968641114982578,161,0.023373983739837397,35,0.00508130081300813,0
0523c4b2-9b91-427f-b249-eb5ba2e979a6,6748,60,19.571280379371665,28,20.0,6316,0.9716923076923077,194,0.02874925903971547,160,0.023710729104919975,102,0.015115589804386485,0
ddbfcd01-2deb-40c9-bf88-7a04f3475553,6732,60,22.680035650623886,28,25.0,6338,0.9750769230769231,166,0.024658348187759953,116,0.0172311348781937,65,0.009655377302436126,0
e67a402e-3556-4665-8455-9470a162222d,6602,60,19.120418055134806,26,20.0,6193,0.9527692307692308,326,0.049378976067858224,148,0.022417449257800665,141,0.021357164495607393,0
ef6b3262-4577-48c7-9b91-03b462d8e640,6817,60,24.638403990024937,29,27.0,6453,0.9927692307692307,51,0.007481296758104738,86,0.012615520023470736,37,0.00542760745195834,0
96ff63d5-bdd7-4299-9d3c-e59d35100564,6783,60,21.924517175291168,28,24.0,6377,0.9810769230769231,126,0.018575851393188854,125,0.01842842400117942,91,0.013415892672858616,0
4d2ea384-be6d-412d-86e9-788dd37ac660,6762,60,20.801685891748004,27,23.0,6361,0.9786153846153847,148,0.02188701567583555,128,0.01892931085477669,116,0.01715468796214138,0
36a61336-a516-445b-aea4-cb983be364b1,6973,60,23.49605621683637,29,26.0,6404,0.9852307692307692,108,0.015488312060805965,119,0.017065825326258426,58,0.00831779721784024,0
830b2e99-a209-426a-95fc-c1bf075e8868,6812,60,24.850851438637697,29,27.0,6438,0.9904615384615385,62,0.0091015854374633,92,0.013505578391074574,37,0.005431591309453905,0
d9ca35f9-198b-4651-b65d-1c0887584d99,6771,60,23.79678038694432,28,26.0,6428,0.9889230769230769,77,0.011372027765470388,79,0.01166740511002806,36,0.005316792202038104,0
b1018ade-3ae3-409d-bedd-3ada2066a427,6824,60,20.840709261430245,29,23.0,6363,0.9789230769230769,139,0.02036928487690504,181,0.026524032825322393,100,0.014654161781946073,0
0cac6c4b-125a-40c8-9cb2-ad5ffe3a3d60,5467,60,22.7653191878544,29,25.0,5157,0.7933846153846154,98,0.01792573623559539,107,0.019571977318456193,70,0.012804097311139564,0
ed7cb0cd-4a6d-4487-a2a6-e30828b6afb6,5472,60,24.34722222222222,29,26.0,5193,0.798923076923077,64,0.011695906432748537,77,0.014071637426900584,35,0.006396198830409356,0
c63b0c69-4e87-4442-b2f5-268d05e572d5,6791,60,24.95685466058018,28,27.0,6441,0.9909230769230769,63,0.009276984243852157,74,0.010896775143572375,40,0.0058901487262553376,0
fbf34e79-4d85-4ad5-b629-1dbd7415e9d1,6704,60,16.60903937947494,7,16.0,6293,0.9681538461538461,213,0.031772076372315036,139,0.020733890214797136,212,0.03162291169451074,0
fb6e9a40-82b4-4ce1-b9b3-160f4f418a31,6433,60,11.874242188714442,5,9.0,5980,0.92,549,0.08534120938908751,202,0.031400590704181566,455,0.07072905331882481,0
46a2e26b-73fb-4bbc-99d9-5d677cec4527,6778,60,23.002508114488048,29,25.0,6393,0.9835384615384616,114,0.01681912068456772,112,0.016524048391856005,79,0.011655355562112718,0
04b27c5c-63af-4bf0-8190-f8e64e419c0c,6763,60,21.121247966878602,28,24.0,6360,0.9784615384615385,151,0.02232736951057223,137,0.02025728227118143,152,0.02247523288481443,0
0b160e3d-1b27-435f-9a98-8bfb95ed7621,6817,60,23.848907143904942,28,26.0,6440,0.9907692307692307,67,0.00982837025084348,104,0.015255977702801819,53,0.007774680944697081,0
ca202af3-ceaf-44cf-b172-23aa0ca42455,6755,60,18.729089563286454,26,19.0,6327,0.9733846153846154,179,0.026498889711324945,154,0.022797927461139896,167,0.02472242783123612,0
54b5f103-6de8-4b60-9187-289c36814e7a,6724,60,20.564991076740036,28,22.0,6320,0.9723076923076923,186,0.027662105889351578,130,0.01933372992266508,107,0.015913146936347412,0
a8286f02-41dc-466c-a82f-fc1e03ae35ed,6908,60,22.61725535610886,29,25.0,6405,0.9853846153846154,97,0.01404169079328315,229,0.03314997104806022,58,0.008396062536189925,0
95f8960f-e4dc-4dbb-8cf6-bf858120dd72,6793,60,24.225967908140735,28,26.0,6423,0.9881538461538462,78,0.011482408361548653,91,0.01339614308847343,42,0.0061828352716031204,0
531924ec-2541-4379-8a88-8b3a06cb6589,6750,60,19.645481481481482,28,22.0,6300,0.9692307692307692,202,0.029925925925925925,172,0.02548148148148148,219,0.03244444444444444,0
875106ba-9186-4e97-a647-bad7871b5392,6758,60,21.541432376442735,28,24.0,6349,0.9767692307692307,161,0.023823616454572358,139,0.0205682154483575,113,0.01672092335010358,0
557df5e5-e8e5-44e6-9b83-91a5881ee236,6798,60,24.107825831126803,28,26.0,6415,0.9869230769230769,90,0.01323918799646955,109,0.016034127684613122,48,0.00706090026478376,0
d9643138-f36c-447f-b10b-a65cad21f986,6811,60,23.15680516811041,28,25.0,6432,0.9895384615384616,70,0.010277492291880781,101,0.014828953163999412,67,0.009837028336514462,0
c3bdebbc-4791-4256-b37c-03fe537fe22a,6723,60,21.29733749814071,29,24.0,6320,0.9723076923076923,182,0.02707124795478209,125,0.018592890078833853,126,0.018741633199464525,0
98faaac4-e524-4476-9bfe-88b10d558c22,6516,60,13.553100061387354,4,11.0,5961,0.9170769230769231,560,0.08594229588704727,296,0.04542664211172499,410,0.06292203806015961,0
6b199fb2-eb8f-488c-8b08-d1cc17323bf6,6801,60,22.97559182473166,27,25.0,6421,0.9878461538461538,80,0.011762976032936332,101,0.01485075724158212,48,0.0070577856197618,0
95386b61-4368-453b-a650-ea016b6e0a7c,6580,60,15.135410334346505,5,13.0,6145,0.9453846153846154,366,0.055623100303951366,166,0.025227963525835867,271,0.04118541033434651,0
83ffd4f4-3013-4057-97f4-de1e0387da34,6789,60,18.476653409927824,24,19.0,6312,0.9710769230769231,194,0.028575637059949918,203,0.0299013109441744,144,0.021210782147591693,0
3133115f-f326-4084-9979-5d4c8d4a5086,6800,60,24.161617647058822,29,26.0,6435,0.99,67,0.009852941176470589,87,0.012794117647058824,56,0.00823529411764706,0
cdfff099-6742-4fc9-8fc8-7af1562ae487,6765,60,22.956836659275684,28,25.0,6395,0.9838461538461538,114,0.016851441241685146,99,0.014634146341463415,54,0.007982261640798226,0
31a09bbc-4442-429f-8c05-3fd0737a1dab,6791,60,18.871889265203947,26,20.0,6313,0.9712307692307692,193,0.028419967604182004,204,0.030039758503902225,165,0.02429686349580327,0
da1187bd-4591-4265-9f63-8b05730e4d42,6768,60,20.746306146572103,27,22.0,6395,0.9838461538461538,107,0.015809692671394798,95,0.014036643026004728,88,0.013002364066193853,0
12f09272-b53b-4576-9e0d-5cda88e3dadb,6730,60,16.729866270430907,5,16.0,6233,0.9589230769230769,276,0.04101040118870728,226,0.033580980683506685,295,0.043833580980683504,0
5bbc7faa-2944-40e7-8384-56a5defcd776,6793,60,23.844398645664654,29,26.0,6402,0.9849230769230769,100,0.014721036360959812,113,0.016634771087884588,49,0.007213307816870308,0
04e4b229-e606-4e9c-8c58-39b27723d833,6818,60,24.937518333822236,29,27.0,6451,0.9924615384615385,54,0.00792021120563215,92,0.013493693165151071,46,0.0067468465825755355,0
55ba716e-710a-4785-b5e8-814fbf07a00b,6814,60,24.718960962723806,28,27.0,6433,0.9896923076923076,67,0.009832697387731142,101,0.014822424420311123,52,0.007631347226298797,0
adf4293c-b65e-4790-b546-544b5de9d055,6808,60,23.378084606345475,29,25.0,6442,0.9910769230769231,59,0.008666274970622797,87,0.012779083431257344,55,0.00807873090481786,0
08960d87-9a8e-4618-834d-d0634e72b7cb,6775,60,25.266420664206642,28,27.0,6418,0.9873846153846154,83,0.012250922509225092,78,0.01151291512915129,39,0.005756457564575645,0
cf2ce3f5-61ea-4ebe-8dc8-d042f0b132b5,6712,60,21.10205601907032,29,24.0,6307,0.9703076923076923,197,0.029350417163289632,129,0.019219308700834326,133,0.019815256257449343,0
9415d503-3b96-46b1-8133-000e158f027f,6826,60,24.020949311456196,29,26.0,6444,0.9913846153846154,58,0.00849692352768825,104,0.015235862877234104,45,0.006592440668033987,0
fd54562f-1665-465f-868b-f06b575a6dfd,6771,60,24.242209422537293,29,27.0,6411,0.9863076923076923,91,0.013439669177374096,82,0.01211047112686457,44,0.006498301580268794,0
b3e03b5b-8612-43a6-bc03-ff6ffdcbea16,6797,60,25.520523760482565,29,27.0,6437,0.9903076923076923,63,0.009268795056642637,80,0.01176989848462557,37,0.005443578049139326,0
32ba7961-3014-42a5-a796-5d2d05ad90b9,6822,60,24.176487833479918,29,26.0,6442,0.9910769230769231,58,0.008501905599530929,100,0.01465845793022574,55,0.008062151861624157,0
9e225df6-b1cd-4fac-82f5-8071d040c532,6788,60,20.927224513847968,25,22.0,6375,0.9807692307692307,130,0.01915144372421921,138,0.020329994107248086,72,0.01060695344725987,0
25dbcfcd-32b1-46c8-90d9-3dde11d7873a,6696,60,18.32825567502987,27,19.0,6246,0.9609230769230769,259,0.038679808841099166,175,0.026135005973715653,166,0.024790919952210274,0
3835110b-9a40-4a4b-b172-6c5ac68d113d,6796,60,23.30238375515009,29,26.0,6404,0.9852307692307692,102,0.015008828722778105,118,0.017363154796939378,48,0.007062978222483814,0
a586d296-ce24-450c-9635-9c87639bb213,6741,60,15.588191662958018,5,14.0,6242,0.9603076923076923,267,0.03960836671117045,228,0.03382287494437027,295,0.0437620531078475,0
f18d0621-c749-4ece-81d2-549834d39b2b,6778,60,24.410888167601062,29,27.0,6403,0.9850769230769231,98,0.014458542342874005,96,0.01416347005016229,43,0.006344054293301859,0
86fa7191-c063-4214-a096-d6790cf49013,6763,60,21.779831435753366,28,24.0,6397,0.9841538461538462,112,0.016560697915126422,95,0.014047020553009019,87,0.012864113559071418,0
0112a90d-28d4-4dc5-b594-8d70f18e9b39,6779,60,23.831686089393717,29,26.0,6409,0.986,92,0.013571323204012392,91,0.013423808821360083,66,0.009735949255052367,0
53f73479-35a5-4d78-b1d7-f20ce0aabf84,6724,60,20.39217727543129,28,22.0,6328,0.9735384615384616,177,0.026323616894705533,121,0.017995240928019036,131,0.019482450922070196,0
56d712f1-5b0d-41c3-8704-b51fccbe46de,6944,60,23.837989631336406,29,26.0,6385,0.9823076923076923,120,0.01728110599078341,102,0.0146889400921659,69,0.009936635944700461,0
c64b1200-3a79-4650-bb91-5c37c6041595,6791,60,23.788396407009277,29,26.0,6426,0.9886153846153846,76,0.011191282579885142,87,0.01281107347960536,43,0.006331909880724488,0
84ef230f-dec0-4db5-bef5-0916a14b1652,6749,60,21.495480811972143,27,23.0,6369,0.9798461538461538,135,0.020002963401985478,104,0.015409690324492518,78,0.011557267743369388,0
baa07dda-55b0-4e04-9523-9e5fad87973b,6829,60,24.921364767901597,29,27.0,6444,0.9913846153846154,58,0.00849319080392444,107,0.015668472689998537,36,0.0052716356714013765,0
0f757e37-61fd-40e2-b29a-0077d8f888ee,6782,60,18.976113240931877,27,20.0,6317,0.9718461538461538,187,0.027572987319374815,189,0.02786788557947508,158,0.023296962547920966,0
074add6f-071c-4532-a76c-562f960756a8,6809,60,21.848729622558377,28,24.0,6424,0.9883076923076923,77,0.011308562197092083,110,0.01615508885298869,73,0.010721104420619769,0
cd46bda1-2468-455c-9c8c-18dfb5a364c5,6831,60,23.037622602839996,30,26.0,6414,0.9867692307692307,88,0.01288244766505636,139,0.02034841165275948,105,0.015371102327624066,0
5a5a6006-5178-4e93-a935-771f655e047d,6858,60,18.782881306503352,28,19.0,6298,0.9689230769230769,207,0.030183727034120734,285,0.0415573053368329,164,0.023913677456984545,0
e61399d9-a52c-4c01-9063-82c35af8566d,6665,60,19.07966991747937,27,20.0,6231,0.9586153846153846,275,0.04126031507876969,160,0.024006001500375095,121,0.018154538634658664,0
20cb20d4-d539-4e03-9563-4d32a60e0991,6808,60,23.779230317273797,28,26.0,6437,0.9903076923076923,63,0.009253819036427732,91,0.01336662749706228,55,0.00807873090481786,0
17f180ee-0238-4287-ae6e-640a1b3d64aa,6797,60,24.603060173606004,29,27.0,6428,0.9889230769230769,73,0.010740032367220832,90,0.013241135795203767,48,0.007061939090775342,0
110574ba-c693-4751-b63c-105d26393b1c,6803,60,23.79950022049096,29,26.0,6432,0.9895384615384616,72,0.010583566073790974,95,0.013964427458474203,48,0.00705571071586065,0
dd759a44-70da-4f8e-b9f3-a1ca82a728c8,6966,60,23.92894056847545,29,26.0,6405,0.9853846153846154,102,0.014642549526270457,106,0.015216767154751652,50,0.00717772035601493,0
d3b800cb-276b-45cb-abe4-bdb72f007a19,6928,60,15.294024249422632,7,14.0,6215,0.9561538461538461,301,0.04344688221709007,270,0.03897228637413395,295,0.042580831408775985,0
1eb0e9dd-b735-44e8-97d6-b2173579a5dc,6702,60,14.791107132199343,6,13.0,6147,0.9456923076923077,374,0.05580423754103253,296,0.04416592062071024,277,0.04133094598627275,0
2239c14f-ade0-43e6-b873-99a18de0a952,6752,60,20.968453791469194,27,23.0,6362,0.9787692307692307,144,0.02132701421800948,116,0.017180094786729858,100,0.01481042654028436,0
710e9bf5-3f76-4240-bad8-c283c268431a,6764,60,23.684949733885276,29,27.0,6381,0.9816923076923076,120,0.017740981667652277,104,0.01537551744529864,119,0.017593140153755175,0
8936257e-4cb4-414b-ae67-a15ca3da974d,6839,60,21.9159233806112,29,24.0,6362,0.9787692307692307,139,0.020324608860944584,198,0.028951601111273578,88,0.012867378271677147,0
72f170b0-e098-41e1-84da-c98be9cd516b,6784,60,18.339475235849058,8,18.0,6376,0.9809230769230769,130,0.019162735849056603,134,0.019752358490566037,140,0.020636792452830188,0
57e62663-0d70-421b-9170-4f7c6cfbf043,6878,60,20.66022099447514,29,23.0,6306,0.9701538461538461,209,0.03038674033149171,125,0.018173887758069208,178,0.02587961616749055,0
92e5b8c0-5bcb-4d8a-9fd1-27dd74f68e97,6797,60,23.090775342062674,28,25.0,6407,0.9856923076923076,98,0.014418125643666324,115,0.016919229071649257,77,0.01132852729145211,0
a4ca7d55-63b7-4587-bd15-6a02aa4c4e03,6795,60,23.873877851361296,28,26.0,6413,0.9866153846153846,89,0.01309786607799853,104,0.015305371596762325,36,0.005298013245033113,0
ceb36dc3-f516-47e4-8ee6-f42d061cc90a,6781,60,24.564960920218258,29,27.0,6413,0.9866153846153846,90,0.013272378705205722,91,0.013419849579708008,42,0.006193776729096004,0
fb73512e-9380-42a0-bc43-0ef2fa7d8475,6814,60,26.25829175227473,29,28.0,6459,0.9936923076923077,42,0.006163780452010567,76,0.011153507484590548,26,0.0038156736131493983,0
d25e0d05-2a55-4469-ae53-347cfb55d48d,6765,60,23.991722099039173,28,26.0,6405,0.9853846153846154,101,0.01492978566149298,86,0.012712490761271249,45,0.0066518847006651885,0
492e2584-bbbd-473e-ac33-79acc9c24d78,6823,60,24.02667448336509,28,26.0,6453,0.9927692307692307,52,0.007621280961453906,95,0.013923494064194636,53,0.0077678440568664815,0
563d85a9-4964-4560-83c8-083c18daba79,6816,60,24.629694835680752,29,27.0,6446,0.9916923076923077,55,0.00806924882629108,91,0.01335093896713615,35,0.005134976525821597,0
e9f70d14-2869-4e97-9d0c-1b6f69a2c3b7,6772,60,22.153425871234496,28,24.0,6395,0.9838461538461538,105,0.015505020673360898,97,0.014323685764914353,70,0.010336680448907265,0
d45810d4-8344-4fe4-882b-947d0d866505,6805,60,24.7895664952241,29,27.0,6436,0.9901538461538462,65,0.009551800146950772,90,0.01322556943423953,35,0.005143277002204262,0
a270bb93-f6ec-4a3e-802c-6b340a21fa1d,6660,60,16.506906906906906,6,15.0,6198,0.9535384615384616,315,0.0472972972972973,195,0.02927927927927928,245,0.03678678678678678,0
db7d7d73-e504-4bff-99ce-62f0aa81f421,6807,60,23.29175848391362,29,26.0,6435,0.99,67,0.009842808873218745,94,0.013809313941530777,60,0.00881445570736007,0
7b64909d-6776-44c0-8d24-89537a9597b9,6673,60,18.50591937659224,29,19.0,6258,0.9627692307692308,254,0.038063839352615016,147,0.022029072381237823,152,0.022778360557470404,0
c2ba1c39-010b-4ee9-85c7-7f4bceecb8b7,6780,60,22.93569321533923,28,25.0,6391,0.9832307692307692,111,0.016371681415929203,111,0.016371681415929203,51,0.00752212389380531,0
ffcb0fed-a6e7-4042-9cea-3e574e57ad00,6789,60,24.403888643393724,29,27.0,6406,0.9855384615384616,100,0.014729709824716454,109,0.016055383708940933,59,0.008690528796582707,0
48c588ef-06ff-45fc-b4cb-d9c6fb8ccb11,6812,60,25.393276570757486,29,27.0,6454,0.9929230769230769,46,0.006752789195537287,78,0.011450381679389313,29,0.0042571931884908985,0
83acf5c5-82ce-442d-a3e6-5bad3af9daf6,6792,60,24.139134275618375,29,27.0,6400,0.9846153846153847,102,0.015017667844522967,114,0.01678445229681979,57,0.008392226148409895,0
14ff664b-9d18-4a0e-9e92-fd8e36250b34,6780,60,23.32330383480826,29,26.0,6380,0.9815384615384616,122,0.01799410029498525,122,0.01799410029498525,85,0.012536873156342183,0
6fcfaaa9-d2ff-4a1f-8549-50d20bbe61da,6790,60,22.97304860088365,29,25.0,6425,0.9884615384615385,82,0.01207658321060383,92,0.013549337260677467,55,0.008100147275405008,0
0f8a0525-4e69-41b2-9657-c988a460c33b,6812,60,23.25396359365825,29,26.0,6410,0.9861538461538462,92,0.013505578391074574,124,0.0182031708749266,105,0.01541397533763946,0
0b25c266-fdcd-47b7-9a6b-d443908f403a,6796,60,24.728222483814008,29,27.0,6444,0.9913846153846154,58,0.008534432018834609,74,0.01088875809299588,40,0.005885815185403178,0
40d41035-9834-4345-846b-f0d399ed8403,6791,60,23.920335738477398,28,26.0,6418,0.9873846153846154,82,0.012074804888823443,93,0.013694595788543661,53,0.007804447062288323,0
cc105769-2090-49f2-9e2e-6d4a09ea4e58,6750,60,22.02325925925926,29,24.0,6352,0.9772307692307692,149,0.022074074074074072,119,0.01762962962962963,109,0.016148148148148148,0
a4eabec0-f4a1-40e2-a2e5-0f6515c8d194,6675,60,18.39191011235955,26,19.0,6270,0.9646153846153847,242,0.036254681647940074,146,0.021872659176029964,163,0.024419475655430713,0
0aef7b7a-43fa-412b-adc4-918d8b9f5fba,6819,60,26.136236984895145,30,28.0,6453,0.9927692307692307,48,0.007039155301363837,87,0.012758468983721953,36,0.005279366476022877,0
08e8b4cc-7e4e-4955-a12e-32373ee85e39,6969,60,21.909456163007604,29,25.0,6396,0.984,118,0.016932127995408237,130,0.018654039316975176,142,0.020375950638542115,0
7049a484-0296-4fd3-acc3-4c544b1fa383,6780,60,21.53362831858407,29,23.0,6390,0.9830769230769231,112,0.016519174041297935,112,0.016519174041297935,68,0.010029498525073746,0
bab304d1-ed0c-4f86-af08-c696bde15c86,6849,60,16.178712220762154,6,16.0,6315,0.9715384615384616,189,0.02759526938239159,262,0.038253759672944955,215,0.031391444006424296,0
13ae9d11-06c7-495c-a817-cbad537e8ac5,6831,60,25.122822427170252,29,27.0,6440,0.9907692307692307,60,0.00878348704435661,111,0.016249451032059728,34,0.004977309325135412,0
c244b762-1b3f-49a8-950c-4372c39f35b0,6761,60,22.639254548143764,29,25.0,6385,0.9823076923076923,119,0.017600946605531725,100,0.014790711433219937,71,0.010501405117586156,0
5c1063e5-11cc-42a7-baa6-c65d1ad2e462,6876,60,24.190372309482257,28,26.0,6400,0.9846153846153847,101,0.014688772542175684,197,0.028650378126817918,56,0.008144269924374637,0
94b9a9a7-a7e1-405a-bc3c-60cd5b452e82,6792,60,24.925206124852767,28,27.0,6434,0.9898461538461538,67,0.009864546525323911,79,0.01163133097762073,31,0.0045641931684334515,0
a38f98e3-d65b-4e58-a9f8-fa68a7c0f67b,6751,60,24.019997037475928,30,27.0,6367,0.9795384615384616,141,0.020885794697081912,112,0.016590134794845206,68,0.010072581839727448,0
7c4a37d9-1f37-40cb-99ad-f0458f3e18ce,6785,60,26.167575534266764,29,28.0,6428,0.9889230769230769,72,0.010611643330876934,77,0.011348563006632277,26,0.003831982313927782,0
87ecc125-1635-4a65-b96e-af7aa7427f19,6710,60,19.67198211624441,29,21.0,6300,0.9692307692307692,209,0.03114754098360656,139,0.020715350223546945,164,0.02444113263785395,0
a78bbab6-81cb-48fe-b346-ea754e2879ba,6243,60,23.13374979977575,29,25.0,5878,0.9043076923076923,627,0.10043248438250842,90,0.014416146083613647,81,0.012974531475252283,0
38a47c91-64d3-4a59-9f25-d50981c5b825,6870,60,25.60393013100437,29,28.0,6442,0.9910769230769231,60,0.008733624454148471,150,0.021834061135371178,43,0.006259097525473071,0
58b5c4b2-e6f1-4e0f-9db5-a57b5e90ca89,6710,60,20.761847988077495,28,23.0,6311,0.9709230769230769,195,0.029061102831594635,125,0.018628912071535022,96,0.014307004470938897,0
4a82de22-08d9-44b7-8be3-660db368b4d0,1617,60,25.330241187384043,29,28.0,1386,0.21323076923076922,10,0.006184291898577613,34,0.021026592455163882,4,0.0024737167594310453,0
7d310dc3-f161-4e0a-bf10-6ae3cf3dbf55,6830,60,21.707906295754025,28,23.0,6427,0.9887692307692307,77,0.011273792093704245,127,0.018594436310395316,88,0.01288433382137628,0
e83a9b17-d5f9-468d-8d3e-8bc686de007e,6839,60,25.092411171223862,29,27.0,6447,0.9918461538461538,53,0.007749671004532826,113,0.016522883462494517,31,0.00453282643661354,0
a3eb164b-1880-451e-9f00-6431a0f82f3d,6802,60,24.251396648044693,29,26.0,6435,0.99,69,0.010144075271978829,91,0.013378418112319906,48,0.007056748015289621,0
c6413679-b0ea-4132-b87f-e6c212c0ba9e,5321,60,23.31760947190378,29,26.0,4982,0.7664615384615384,84,0.01578650629580906,139,0.026122909227588798,53,0.009960533734260478,0
98b5b0d1-5dea-456e-ad0d-bcbb35e93d4d,6753,60,23.58996001776988,29,26.0,6381,0.9816923076923076,131,0.019398785724863025,108,0.015992892047978675,73,0.010810010365763364,0
a0c658fc-bc4a-46b6-854b-061e1d5e76ab,6800,60,21.704117647058823,28,24.0,6405,0.9853846153846154,101,0.014852941176470588,123,0.018088235294117648,92,0.013529411764705882,0
28b56b62-1874-4581-a920-e026978142c9,6831,60,25.223832528180353,29,27.0,6460,0.9938461538461538,46,0.006734006734006734,99,0.014492753623188406,35,0.005123700775874689,0
f55a99be-acdd-469c-91bd-de7bd881fd61,6774,60,21.10304103926779,29,23.0,6372,0.9803076923076923,137,0.02022438736344848,132,0.01948627103631532,98,0.01446708001180986,0
e15a4778-663d-4605-945e-9901ec94a619,6810,60,17.318942731277534,6,17.0,6285,0.9669230769230769,223,0.03274596182085169,261,0.03832599118942731,221,0.03245227606461087,0
3fd433d2-a4f4-40bf-85f8-bbaefc45e789,6691,60,20.90703930653116,28,24.0,6264,0.9636923076923077,258,0.03855925870572411,173,0.025855626961590196,129,0.019279629352862055,0
765fd9e6-71df-43c6-aaa6-c60332ea74a3,6764,60,22.214665878178593,29,24.0,6384,0.9821538461538462,124,0.018332347723240685,121,0.017888823181549378,58,0.008574807806031934,0
d934300c-3ec0-4315-a34a-c23b6409633c,6113,4,6.482905283821364,4,5.0,3062,0.47107692307692306,541,0.08849991820709963,2875,0.4703091771634222,388,0.06347129069196794,0
0011e8a5-859f-4d21-84b1-e55b0702be59,6721,60,24.0671031096563,29,26.0,6389,0.9829230769230769,113,0.01681297425978277,78,0.01160541586073501,55,0.008183306055646482,0
ef45d596-4071-4d5c-82ba-8dd9d28a9121,6654,60,16.484821160204387,5,16.0,6213,0.9558461538461539,302,0.04538623384430418,185,0.027802825368199578,242,0.036369101292455665,0
3380b2c3-e261-4496-a9a8-be68df57d15b,11816,60,23.93644211238998,29,26.0,6402,0.9849230769230769,98,0.008293838862559242,5143,0.4352572782667569,38,0.003215978334461747,0
9389e746-1b6d-40a0-8850-1ed6bd1cbd73,6612,60,15.41016333938294,5,14.0,6068,0.9335384615384615,443,0.06699939503932244,285,0.04310344827586207,315,0.04764065335753176,0
576f73b3-b4be-40c7-a49f-08dcb2b8d512,6742,60,22.388312073568674,28,25.0,6391,0.9832307692307692,114,0.016908929101156926,88,0.013052506674577276,82,0.01216256303767428,0
33e3d505-364a-4240-a051-0f5251626f23,5948,60,14.19334229993275,6,11.0,5519,0.8490769230769231,498,0.08372562205783457,249,0.041862811028917285,330,0.0554808338937458,0
c86c3760-86c7-45d3-8d46-4471714fb173,6543,60,22.14733302766315,29,25.0,6029,0.9275384615384615,475,0.07259666819501757,251,0.03836160782515666,84,0.012838147638697846,0
8be8f84d-7df0-4bdf-aeaf-50188c88d2ad,6744,60,17.962336892052196,5,18.0,6120,0.9415384615384615,392,0.05812574139976275,188,0.027876631079478055,229,0.03395610913404508,0
6ba5c187-00fa-4173-ae90-54d8fb66d5ae,6770,60,23.264992614475627,28,25.0,6417,0.9872307692307692,85,0.012555391432791729,93,0.013737075332348596,52,0.007680945347119645,0
6b6b3aaa-1790-435e-ae18-abd217c74505,6678,60,19.39727463312369,27,21.0,6294,0.9683076923076923,210,0.031446540880503145,122,0.018268942797244683,144,0.0215633423180593,0
a1d4c872-712f-4652-a4ac-9648b3809b0d,6700,60,21.040298507462687,28,23.0,6351,0.9770769230769231,152,0.022686567164179106,86,0.012835820895522388,67,0.01,0
6539d229-7743-499a-8ec6-52b3297c3701,6772,60,21.401063201417603,28,23.0,6371,0.9801538461538462,130,0.01919669226225635,136,0.02008269344359126,77,0.011370348493797991,0
12d3afea-3d35-42d5-8dcf-e7e468bc862f,6750,60,24.399407407407406,29,26.0,6422,0.988,80,0.011851851851851851,72,0.010666666666666666,36,0.005333333333333333,0
655d0b8c-20d4-4a72-8f9d-a60cdd59c156,6738,60,19.43084001187296,27,21.0,6322,0.9726153846153847,184,0.02730780647076284,167,0.024784802612051054,109,0.016176907094093203,0
9c5f1064-bd78-4be0-8e48-21f3ccf1c130,6774,60,12.247268969589607,6,10.0,6012,0.924923076923077,522,0.07705934455270151,363,0.05358724534986714,397,0.0586064363743726,0
f4d246b2-9c54-4718-81e2-31bd131f6a7e,6531,60,15.369928035522891,6,13.0,6073,0.9343076923076923,447,0.06844281120808451,230,0.03521665901087123,259,0.03965702036441586,0
f6f4c594-2d64-44d1-9af2-404548fa1eb7,6596,60,14.966494845360824,6,13.0,6132,0.9433846153846154,398,0.060339599757428745,251,0.03805336567616737,296,0.04487568223165555,0
1cf57e6c-6547-4232-8b72-0bed7fa46915,6009,7,6.676984523215177,4,6.0,5509,0.8475384615384616,1026,0.1707438841737394,292,0.048593776002662674,732,0.1218172740888667,0
372d904d-0624-482e-b9ae-5db58040b849,6319,60,13.488210159835416,5,11.0,5713,0.8789230769230769,543,0.085931318246558,537,0.08498180091786675,309,0.048900142427599304,0
463271bd-d3a1-4f85-aaae-c0db656b1e3e,7259,60,23.34715525554484,29,26.0,6130,0.943076923076923,87,0.011985121917619506,1052,0.1449235431877669,51,0.00702576112412178,0
99371361-d355-493f-8585-13481f6de630,5964,60,24.5836686787391,29,27.0,5768,0.8873846153846154,56,0.009389671361502348,119,0.01995305164319249,32,0.0053655264922870555,0
23bfd59e-6ea6-451f-aa0d-4bc766c90f9a,6069,27,6.5277640467951885,4,5.0,4863,0.7481538461538462,886,0.14598780688746088,1138,0.18751029823694185,672,0.11072664359861592,0
26c8c6de-a920-4157-a846-bf85a5ea7923,5725,60,24.85414847161572,29,27.0,5578,0.8581538461538462,62,0.010829694323144104,70,0.01222707423580786,48,0.008384279475982533,0
9b569883-7566-42e0-a2ba-ff21987a3a33,5465,60,21.217566331198537,29,23.0,5303,0.8158461538461539,135,0.024702653247941447,87,0.015919487648673375,83,0.015187557182067704,0
273d913c-884c-44d9-840b-863d48675a42,2929,60,15.04916353704336,5,14.0,2705,0.41615384615384615,162,0.05530897917377945,224,0.07647661317855924,92,0.031410037555479685,0
e1cd8f69-0f96-4eae-8545-15cb8ea465b6,6679,60,19.657882916604283,26,21.0,5052,0.7772307692307693,96,0.014373409192992964,1551,0.23222039227429256,56,0.008384488695912561,0
a344f5c0-0585-46e9-bb26-0ed547cbca46,4445,60,24.686389201349833,28,26.0,4291,0.6601538461538462,91,0.02047244094488189,77,0.01732283464566929,17,0.0038245219347581554,0
507552e6-f25f-4ef5-91e7-df11bee78d59,3822,60,19.91287284144427,28,22.0,3639,0.5598461538461539,98,0.02564102564102564,106,0.02773417059131345,41,0.010727367870225013,0
8bb19f60-cca3-4b87-ab3d-91d6a7c109ff,3502,60,23.553112507138778,29,26.0,3385,0.5207692307692308,34,0.009708737864077669,40,0.011422044545973729,32,0.009137635636778984,0
ee930b54-c9ac-4890-a9a7-3025eb2aac1d,3243,60,24.448041936478567,28,27.0,3133,0.482,33,0.010175763182238668,34,0.010484119642306507,24,0.0074005550416281225,0
7cc16b8b-7395-40eb-8c37-c42a4ca927d1,2768,60,22.901011560693643,29,25.0,2643,0.4066153846153846,28,0.010115606936416185,48,0.017341040462427744,17,0.006141618497109827,0
d047455d-14e8-49b7-965c-c11a3bfc27bc,2445,60,15.443762781186095,6,15.0,2124,0.32676923076923076,106,0.043353783231083846,244,0.09979550102249489,68,0.027811860940695297,0
8e92c3f6-f787-4db0-b571-f5443f3b58a8,2474,60,20.337510105092967,26,22.0,2160,0.3323076923076923,47,0.018997574777687955,59,0.023848019401778497,47,0.018997574777687955,0
6e5de05a-4ca6-49d5-b207-cb27b0c117dd,3985,60,13.569636135508155,3,11.0,2139,0.3290769230769231,51,0.012797992471769134,1769,0.4439146800501882,36,0.00903387703889586,0
e94c0ddc-068d-4414-90b6-7827e96e7b45,1755,60,25.796581196581197,29,28.0,1640,0.2523076923076923,6,0.003418803418803419,38,0.021652421652421653,8,0.004558404558404558,0
f779f8ae-71cf-495c-9647-92c55bcfa973,1612,60,22.142059553349878,30,24.0,1333,0.20507692307692307,55,0.034119106699751864,26,0.016129032258064516,15,0.009305210918114143,0
f3ab1893-0254-490c-896e-9d86da540838,908,60,25.725770925110133,28,28.0,839,0.1290769230769231,13,0.014317180616740088,3,0.003303964757709251,4,0.004405286343612335,0
