chrom,start,end,strand,cov_d6,pct_meth_d6,cov_d35r1,pct_meth_d35r1,cov_d35r2,pct_meth_d35r2,delta_pct_R1,logLR_score_R1,dmr_n_d6,dmr_n_d35r1,delta_pct_pileup_R1,delta_pct_pileup_R2b
chr1,206583387,206583388,+,1004,65.74,171,76.61,123,79.67,-10.870000000000005,3.7777521528638554,1004,171,-10.870000000000005,-13.930000000000007
chr1,206583388,206583389,-,726,81.27,98,83.67,70,84.29,-2.4000000000000057,-0.1738575024880333,726,98,-2.4000000000000057,-3.0200000000000102
chr1,206583707,206583708,+,1170,94.36,187,93.58,144,92.36,0.7800000000000011,-0.2574043320211103,1170,187,0.7800000000000011,2.0
chr1,206583708,206583709,-,792,94.19,106,96.23,74,91.89,-2.0400000000000063,0.0660773389944324,792,106,-2.0400000000000063,2.299999999999997
chr1,206583766,206583767,+,966,88.72,169,87.57,140,90.71,1.1500000000000057,-0.2544098280183107,966,169,1.1500000000000057,-1.9899999999999949
chr1,206583767,206583768,-,812,93.97,105,94.29,76,97.37,-0.3200000000000074,-0.3338834354514688,812,105,-0.3200000000000074,-3.4000000000000057
chr1,206584104,206584105,+,1051,94.67,175,94.29,143,95.8,0.37999999999999545,-0.3224606763651536,1051,175,0.37999999999999545,-1.1299999999999955
chr1,206584105,206584106,-,835,95.57,111,95.5,78,97.44,0.06999999999999318,-0.3411568238734617,835,111,0.06999999999999318,-1.8700000000000045
chr1,206584137,206584138,+,1253,97.61,194,97.42,151,99.34,0.18999999999999773,-0.3302743321745538,1253,194,0.18999999999999773,-1.730000000000004
chr1,206584138,206584139,-,667,88.61,83,85.54,64,92.19,3.069999999999993,-0.0271078726136124,667,83,3.069999999999993,-3.5799999999999983
chr1,206584151,206584152,+,1168,97.09,185,98.38,143,97.9,-1.289999999999992,0.2306690621676352,1168,185,-1.289999999999992,-0.8100000000000023
chr1,206584152,206584153,-,908,96.26,114,97.37,86,97.67,-1.1099999999999994,-0.1432575430940801,908,114,-1.1099999999999994,-1.4099999999999966
chr1,206584176,206584177,+,1175,97.7,185,97.3,150,100.0,0.4000000000000057,-0.287108549114123,1175,185,0.4000000000000057,-2.299999999999997
chr1,206584177,206584178,-,895,94.86,121,96.69,84,98.81,-1.8299999999999983,0.0838387907636502,895,121,-1.8299999999999983,-3.950000000000003
chr1,206584178,206584179,+,1245,97.91,188,97.87,151,99.34,0.03999999999999204,-0.3403366863211658,1245,188,0.03999999999999204,-1.4300000000000068
chr1,206584179,206584180,-,815,86.75,114,95.61,76,96.05,-8.86,4.246259492110653,815,114,-8.86,-9.299999999999997
chr1,206584201,206584202,+,871,93.23,160,94.38,105,95.24,-1.1499999999999915,-0.1931719288540989,871,160,-1.1499999999999915,-2.009999999999991
chr1,206584202,206584203,-,945,98.2,127,98.43,88,100.0,-0.23000000000000398,-0.3190771764411693,945,127,-0.23000000000000398,-1.7999999999999972
chr1,206584227,206584228,+,1126,95.38,171,95.91,137,96.35,-0.5300000000000011,-0.2948028928016128,1126,171,-0.5300000000000011,-0.9699999999999989
chr1,206584228,206584229,-,893,98.21,120,97.5,87,98.85,0.7099999999999937,-0.2064430630813376,893,120,0.7099999999999937,-0.6400000000000006
chr1,206584272,206584273,+,1222,92.31,188,85.64,146,84.93,6.670000000000002,3.678809267717156,1222,188,6.670000000000002,7.3799999999999955
chr1,206584273,206584274,-,945,87.3,125,86.4,89,79.78,0.8999999999999915,-0.3052009414041663,945,125,0.8999999999999915,7.519999999999996
chr1,206584304,206584305,+,1243,97.18,186,94.62,150,96.0,2.5600000000000023,1.1448179379243584,1243,186,2.5600000000000023,1.1800000000000068
chr1,206584305,206584306,-,869,94.71,116,97.41,84,91.67,-2.700000000000003,0.5950906197556378,869,116,-2.700000000000003,3.039999999999992
chr1,206584395,206584396,+,1268,95.11,193,96.37,149,93.96,-1.2600000000000051,-0.0254310991281272,1268,193,-1.2600000000000051,1.1500000000000057
chr1,206584396,206584397,-,894,91.72,120,95.0,82,89.02,-3.280000000000001,0.5333069299123849,894,120,-3.280000000000001,2.700000000000003
chr1,206584407,206584408,+,1206,93.86,180,96.67,148,95.27,-2.8100000000000023,0.9529883851022304,1206,180,-2.8100000000000023,-1.4099999999999966
chr1,206584408,206584409,-,954,97.8,125,96.0,87,95.4,1.7999999999999972,0.3113733152492273,954,125,1.7999999999999972,2.3999999999999915
chr1,206584411,206584412,+,1167,95.72,181,95.03,150,96.0,0.6899999999999977,-0.2582880913598728,1167,181,0.6899999999999977,-0.28000000000000114
chr1,206584412,206584413,-,817,93.02,99,96.97,80,93.75,-3.950000000000003,1.017023135193483,817,99,-3.950000000000003,-0.730000000000004
chr1,206584946,206584947,+,1066,87.43,182,82.97,133,84.21,4.460000000000008,0.9245291746277644,1066,182,4.460000000000008,3.220000000000013
chr1,206584947,206584948,-,809,90.36,111,88.29,80,92.5,2.069999999999993,-0.1197776889964643,809,111,2.069999999999993,-2.1400000000000006
chr1,206585234,206585235,+,982,90.22,157,87.9,127,84.25,2.319999999999993,0.0402900194852691,982,157,2.319999999999993,5.969999999999999
chr1,206585235,206585236,-,803,80.82,108,83.33,82,84.15,-2.510000000000005,-0.1433211829440779,803,108,-2.510000000000005,-3.3300000000000125
chr1,206585379,206585380,+,1071,88.52,179,86.59,140,88.57,1.9299999999999926,-0.0805566122917298,1071,179,1.9299999999999926,-0.04999999999999716
chr1,206585380,206585381,-,765,95.29,110,91.82,80,91.25,3.470000000000013,0.7003789858262621,765,110,3.470000000000013,4.040000000000006
chr1,206585797,206585798,+,1046,82.41,167,88.02,137,85.4,-5.609999999999999,1.4016398962121457,1046,167,-5.609999999999999,-2.990000000000009
chr1,206585798,206585799,-,600,66.5,81,88.89,62,62.9,-22.39,9.51844846961717,600,81,-22.39,3.6000000000000014
chr1,206585896,206585897,+,1213,87.14,184,85.87,148,89.86,1.269999999999996,-0.2339339377747364,1213,184,1.269999999999996,-2.719999999999999
chr1,206585897,206585898,-,901,89.46,117,91.45,84,90.48,-1.990000000000009,-0.1099475089736756,901,117,-1.990000000000009,-1.0200000000000102
chr1,206586020,206586021,+,1051,59.37,160,68.12,127,56.69,-8.750000000000007,1.9329663876098948,1051,160,-8.750000000000007,2.6799999999999997
chr1,206586021,206586022,-,816,60.91,105,69.52,81,60.49,-8.61,1.1591224532321576,816,105,-8.61,0.4199999999999946
chr1,206586120,206586121,+,1112,29.05,173,30.06,137,37.96,-1.009999999999998,-0.3088980737978772,1112,173,-1.009999999999998,-8.91
chr1,206586121,206586122,-,822,21.65,108,27.78,82,29.27,-6.130000000000003,0.640278415419516,822,108,-6.130000000000003,-7.620000000000001
chr1,206586163,206586164,+,927,71.84,153,83.66,117,75.21,-11.819999999999993,4.782971729654264,927,153,-11.819999999999993,-3.3699999999999903
chr1,206586164,206586165,-,761,74.51,107,88.79,71,80.28,-14.280000000000001,5.738629748254084,761,107,-14.280000000000001,-5.769999999999996
chr1,206586168,206586169,+,857,65.69,82,78.05,56,89.29,-12.36,2.403505308869171,857,82,-12.36,-23.60000000000001
chr1,206586169,206586170,-,415,54.22,18,83.33,19,89.47,-29.11,2.9523739566714653,415,18,-29.11,-35.25
chr1,206586173,206586174,+,860,78.37,153,92.81,119,89.08,-14.439999999999998,10.094151861559451,860,153,-14.439999999999998,-10.709999999999994
chr1,206586174,206586175,-,334,81.74,40,82.5,27,74.07,-0.7600000000000051,-0.3348143102676886,334,40,-0.7600000000000051,7.670000000000002
chr1,206586175,206586176,+,915,76.61,159,92.45,104,89.42,-15.840000000000003,12.021996768714304,915,159,-15.840000000000003,-12.810000000000002
chr1,206586176,206586177,-,458,74.89,55,89.09,46,84.78,-14.200000000000003,2.84338732968547,458,55,-14.200000000000003,-9.89
chr1,206586177,206586178,+,969,76.78,165,92.73,125,88.0,-15.950000000000003,12.84414723679265,969,165,-15.950000000000003,-11.219999999999999
chr1,206586178,206586179,-,638,73.51,79,88.61,66,87.88,-15.099999999999994,4.620859833242832,638,79,-15.099999999999994,-14.36999999999999
chr1,206586179,206586180,+,1033,83.45,177,92.66,129,90.7,-9.209999999999994,5.446361728627949,1033,177,-9.209999999999994,-7.25
chr1,206586180,206586181,-,752,73.67,106,84.91,73,87.67,-11.239999999999995,3.0969818699493885,752,106,-11.239999999999995,-14.0
chr1,206586181,206586182,+,1020,86.86,177,95.48,133,91.73,-8.620000000000005,6.229958143032491,1020,177,-8.620000000000005,-4.8700000000000045
chr1,206586182,206586183,-,824,74.88,108,87.04,79,86.08,-12.16000000000001,4.038467449942118,824,108,-12.16000000000001,-11.200000000000003
chr1,206586183,206586184,+,899,87.65,162,95.06,122,93.44,-7.409999999999997,4.176438642556718,899,162,-7.409999999999997,-5.789999999999992
chr1,206586184,206586185,-,802,74.06,106,90.57,77,88.31,-16.50999999999999,7.9607691034195796,802,106,-16.50999999999999,-14.25
chr1,206586185,206586186,+,648,91.05,95,92.63,80,96.25,-1.5799999999999983,-0.2072231194509299,648,95,-1.5799999999999983,-5.200000000000003
chr1,206586186,206586187,-,691,75.98,94,92.55,59,88.14,-16.569999999999993,7.764323153821579,691,94,-16.569999999999993,-12.159999999999997
chr1,206586187,206586188,+,584,93.15,49,93.88,45,95.56,-0.7299999999999898,-0.3189405953091864,584,49,-0.7299999999999898,-2.4099999999999966
chr1,206586188,206586189,-,598,75.59,67,91.04,47,93.62,-15.450000000000003,4.548002932913676,598,67,-15.450000000000003,-18.03
chr1,206586227,206586228,+,1102,69.96,182,83.52,142,80.28,-13.560000000000002,7.42564635994313,1102,182,-13.560000000000002,-10.320000000000007
chr1,206586228,206586229,-,899,69.63,119,80.67,86,79.07,-11.040000000000006,2.986058923918563,899,119,-11.040000000000006,-9.439999999999998
chr1,206586286,206586287,+,1052,65.21,182,85.71,142,87.32,-20.5,16.642161385745794,1052,182,-20.5,-22.11
chr1,206586287,206586288,-,702,64.67,87,87.36,66,89.39,-22.689999999999998,10.111217060996635,702,87,-22.689999999999998,-24.72
chr1,206586303,206586304,+,913,31.0,148,47.97,114,50.88,-16.97,7.547614181688459,913,148,-16.97,-19.880000000000003
chr1,206586304,206586305,-,472,27.75,58,48.28,42,23.81,-20.53,4.474351819530966,472,58,-20.53,3.9400000000000013
chr1,206586327,206586328,+,913,63.2,139,79.14,121,76.86,-15.939999999999998,6.92318867850156,913,139,-15.939999999999998,-13.659999999999997
chr1,206586328,206586329,-,817,57.41,111,72.97,78,64.1,-15.560000000000002,4.783631291713846,817,111,-15.560000000000002,-6.689999999999998
chr1,206586422,206586423,+,1086,51.2,174,70.11,141,75.89,-18.909999999999997,10.79205524026247,1086,174,-18.909999999999997,-24.689999999999998
chr1,206586423,206586424,-,916,52.29,115,71.3,85,69.41,-19.009999999999998,7.377132750215651,916,115,-19.009999999999998,-17.119999999999997
chr1,206586453,206586454,+,1169,17.19,175,25.14,145,24.83,-7.949999999999999,2.656551517778553,1169,175,-7.949999999999999,-7.639999999999997
chr1,206586454,206586455,-,822,13.26,101,16.83,78,29.49,-3.5699999999999985,0.1170635394973942,822,101,-3.5699999999999985,-16.229999999999997
chr1,206586494,206586495,+,865,63.24,145,70.34,111,69.37,-7.100000000000001,1.0535634520338135,865,145,-7.100000000000001,-6.130000000000003
chr1,206586495,206586496,-,777,64.35,98,71.43,66,62.12,-7.0800000000000125,0.6423207016696324,777,98,-7.0800000000000125,2.229999999999997
chr1,206586496,206586497,+,875,66.06,141,69.5,122,72.95,-3.4399999999999977,-0.0173894340513243,875,141,-3.4399999999999977,-6.890000000000001
chr1,206586497,206586498,-,571,77.93,77,81.82,65,78.46,-3.8899999999999864,-0.0309167361815525,571,77,-3.8899999999999864,-0.5299999999999869
chr1,206586508,206586509,+,1016,73.03,157,77.07,127,70.08,-4.039999999999992,0.2396524913657458,1016,157,-4.039999999999992,2.950000000000003
chr1,206586509,206586510,-,711,81.43,96,83.33,64,79.69,-1.8999999999999915,-0.2405599918008647,711,96,-1.8999999999999915,1.740000000000009
chr1,206586510,206586511,+,1114,76.21,168,77.98,130,74.62,-1.7700000000000102,-0.2177357273490088,1114,168,-1.7700000000000102,1.5899999999999892
chr1,206586511,206586512,-,729,76.82,99,81.82,68,73.53,-5.0,0.3065226005451222,729,99,-5.0,3.289999999999992
chr1,206586518,206586519,+,1069,76.33,173,80.92,128,79.69,-4.590000000000003,0.5731864929294943,1069,173,-4.590000000000003,-3.3599999999999994
chr1,206586519,206586520,-,884,76.81,117,83.76,84,79.76,-6.950000000000003,1.1883266467848443,884,117,-6.950000000000003,-2.950000000000003
chr1,206586536,206586537,+,922,52.06,143,63.64,117,61.54,-11.579999999999998,3.0378222741671834,922,143,-11.579999999999998,-9.479999999999997
chr1,206586537,206586538,-,775,62.97,105,65.71,73,64.38,-2.739999999999995,-0.1938767882443244,775,105,-2.739999999999995,-1.4099999999999966
chr1,206586546,206586547,+,1037,41.37,165,52.12,134,48.51,-10.75,2.9807683496255777,1037,165,-10.75,-7.140000000000001
chr1,206586547,206586548,-,759,47.3,103,63.11,71,52.11,-15.810000000000002,4.229463265978893,759,103,-15.810000000000002,-4.810000000000002
chr1,206586578,206586579,+,1011,60.44,162,73.46,128,73.44,-13.019999999999996,4.912512685919182,1011,162,-13.019999999999996,-13.0
chr1,206586579,206586580,-,669,43.35,86,63.95,67,62.69,-20.6,6.18483989661172,669,86,-20.6,-19.339999999999996
chr1,206586580,206586581,+,730,50.68,121,76.03,108,75.0,-25.35,13.824641847247108,730,121,-25.35,-24.32
chr1,206586581,206586582,-,547,46.98,79,77.22,51,66.67,-30.240000000000002,12.93388475401207,547,79,-30.240000000000002,-19.690000000000005
chr1,206586591,206586592,+,768,70.57,131,92.37,98,94.9,-21.80000000000001,16.493565367578924,768,131,-21.80000000000001,-24.330000000000013
chr1,206586592,206586593,-,836,72.37,115,92.17,84,90.48,-19.799999999999997,12.555304117831383,836,115,-19.799999999999997,-18.11
chr1,206586599,206586600,+,903,28.57,154,59.09,125,52.0,-30.520000000000003,25.693146710396377,903,154,-30.520000000000003,-23.43
chr1,206586600,206586601,-,839,24.67,121,47.93,82,50.0,-23.259999999999998,12.741939367510668,839,121,-23.259999999999998,-25.33
chr1,206586607,206586608,+,1159,55.74,178,78.09,147,75.51,-22.35,16.68927200788403,1159,178,-22.35,-19.770000000000003
chr1,206586608,206586609,-,803,53.67,103,82.52,80,76.25,-28.849999999999994,16.703769531733087,803,103,-28.849999999999994,-22.58
chr1,206586611,206586612,+,989,47.93,158,67.72,129,70.54,-19.79,10.549349890124065,989,158,-19.79,-22.610000000000007
chr1,206586612,206586613,-,635,37.64,70,61.43,62,58.06,-23.79,6.916001698418995,635,70,-23.79,-20.42
chr1,206586627,206586628,+,1004,59.06,168,64.29,125,62.4,-5.230000000000004,0.4800282972291825,1004,168,-5.230000000000004,-3.3399999999999963
chr1,206586628,206586629,-,818,48.78,105,53.33,77,48.05,-4.549999999999997,0.0411151249218164,818,105,-4.549999999999997,0.730000000000004
chr1,206586655,206586656,+,1024,80.08,143,69.23,120,72.5,10.849999999999994,3.735122656597923,1024,143,10.849999999999994,7.579999999999998
chr1,206586656,206586657,-,870,81.26,113,82.3,84,77.38,-1.039999999999992,-0.3090553420018409,870,113,-1.039999999999992,3.8800000000000097
chr1,206586666,206586667,+,1014,73.27,164,76.83,123,69.11,-3.5600000000000023,0.1258690250591598,1014,164,-3.5600000000000023,4.159999999999997
chr1,206586667,206586668,-,855,77.66,112,69.64,77,68.83,8.019999999999996,1.3444086164201965,855,112,8.019999999999996,8.829999999999998
chr1,206586678,206586679,+,1180,95.25,185,90.27,145,95.17,4.980000000000004,2.943177501225932,1180,185,4.980000000000004,0.0799999999999983
chr1,206586679,206586680,-,914,96.94,123,91.06,86,94.19,5.8799999999999955,3.639670425977556,914,123,5.8799999999999955,2.75
chr1,206586683,206586684,+,1099,96.63,176,94.32,132,93.94,2.3100000000000023,0.6696910517799779,1099,176,2.3100000000000023,2.6899999999999977
chr1,206586684,206586685,-,853,95.55,113,91.15,81,93.83,4.3999999999999915,1.3804176871527147,853,113,4.3999999999999915,1.7199999999999989
chr1,206586718,206586719,+,1054,52.47,161,63.98,127,59.84,-11.509999999999998,3.434748998963528,1054,161,-11.509999999999998,-7.3700000000000045
chr1,206586719,206586720,-,851,48.3,105,58.1,77,59.74,-9.800000000000004,1.455825700326386,851,105,-9.800000000000004,-11.440000000000005
chr1,206586769,206586770,+,889,51.07,152,72.37,115,74.78,-21.300000000000004,11.98126446602123,889,152,-21.300000000000004,-23.71
chr1,206586770,206586771,-,849,35.45,113,53.98,80,66.25,-18.529999999999994,6.71941506354392,849,113,-18.529999999999994,-30.799999999999997
chr1,206586802,206586803,+,823,67.8,123,75.61,96,63.54,-7.810000000000002,1.2354169156566286,823,123,-7.810000000000002,4.259999999999998
chr1,206586803,206586804,-,829,67.43,111,63.06,83,68.67,4.3700000000000045,0.0697994949817939,829,111,4.3700000000000045,-1.2399999999999949
chr1,206586817,206586818,+,665,89.47,116,88.79,83,86.75,0.6799999999999926,-0.3205751265090271,665,116,0.6799999999999926,2.719999999999999
chr1,206586818,206586819,-,646,94.43,92,93.48,61,95.08,0.9500000000000028,-0.2772246523245485,646,92,0.9500000000000028,-0.6499999999999915
chr1,206586822,206586823,+,1184,96.37,186,93.55,145,94.48,2.8200000000000074,1.105898592436006,1184,186,2.8200000000000074,1.8900000000000006
chr1,206586823,206586824,-,815,95.95,113,90.27,80,93.75,5.680000000000007,2.5312153717972024,815,113,5.680000000000007,2.200000000000003
chr1,206586829,206586830,+,1125,95.02,169,90.53,128,93.75,4.489999999999995,2.0820433432171512,1125,169,4.489999999999995,1.269999999999996
chr1,206586830,206586831,-,883,95.02,120,90.0,81,91.36,5.019999999999996,1.787933414587883,883,120,5.019999999999996,3.6599999999999966
chr1,206586832,206586833,+,1160,96.64,175,92.57,133,93.98,4.070000000000007,2.4409656046262853,1160,175,4.070000000000007,2.6599999999999966
chr1,206586833,206586834,-,597,92.63,79,89.87,58,84.48,2.759999999999991,0.0031740380699147,597,79,2.759999999999991,8.149999999999991
chr1,206586846,206586847,+,1083,92.34,174,89.66,129,88.37,2.680000000000007,0.3374160525887646,1083,174,2.680000000000007,3.969999999999999
chr1,206586847,206586848,-,877,95.44,114,87.72,81,87.65,7.719999999999999,4.240851190293824,877,114,7.719999999999999,7.789999999999992
chr1,206586880,206586881,+,990,87.27,152,86.18,125,86.4,1.0899999999999892,-0.2766921198656291,990,152,1.0899999999999892,0.8699999999999903
chr1,206586881,206586882,-,820,90.98,117,86.32,80,87.5,4.660000000000011,0.8170238697722993,820,117,4.660000000000011,3.480000000000004
chr1,206586906,206586907,+,1057,45.7,169,67.46,130,63.08,-21.75999999999999,13.677596607618966,1057,169,-21.75999999999999,-17.379999999999995
chr1,206586907,206586908,-,817,50.31,110,65.45,78,66.67,-15.14,4.190914451061644,817,110,-15.14,-16.36
chr1,206586928,206586929,+,1037,45.61,171,72.51,130,59.23,-26.900000000000006,21.546630396516772,1037,171,-26.900000000000006,-13.619999999999997
chr1,206586929,206586930,-,673,52.45,109,70.64,78,67.95,-18.189999999999998,6.140331992382698,673,109,-18.189999999999998,-15.5
chr1,206586957,206586958,+,1179,94.23,187,97.33,139,94.24,-3.0999999999999943,1.4627206680034988,1179,187,-3.0999999999999943,-0.009999999999990905
chr1,206586958,206586959,-,607,91.43,82,92.68,47,85.11,-1.25,-0.2664201675494269,607,82,-1.25,6.320000000000007
chr1,206586965,206586966,+,1044,87.36,157,86.62,122,82.79,0.7399999999999949,-0.3126186970870321,1044,157,0.7399999999999949,4.569999999999993
chr1,206586966,206586967,-,882,84.35,113,76.11,79,81.01,8.239999999999995,1.9123148888549508,882,113,8.239999999999995,3.339999999999989
chr1,206586988,206586989,+,1147,94.42,178,94.38,140,94.29,0.04000000000000625,-0.34386991383451,1147,178,0.04000000000000625,0.12999999999999545
chr1,206586989,206586990,-,919,97.5,121,93.39,88,93.18,4.109999999999999,2.10350001316624,919,121,4.109999999999999,4.319999999999993
chr1,206586993,206586994,+,913,92.0,143,86.01,123,90.24,5.989999999999995,2.0987175385740784,913,143,5.989999999999995,1.7600000000000051
chr1,206586994,206586995,-,860,97.44,113,91.15,75,94.67,6.289999999999992,4.235412113897894,860,113,6.289999999999992,2.769999999999996
chr1,206586997,206586998,+,1167,95.72,179,92.18,143,91.61,3.539999999999992,1.517794719617541,1167,179,3.539999999999992,4.109999999999999
chr1,206586998,206586999,-,850,96.71,115,91.3,80,92.5,5.409999999999997,2.736588145253222,850,115,5.409999999999997,4.209999999999994
chr1,206587004,206587005,+,1221,96.72,194,95.36,148,97.3,1.3599999999999994,0.0849534392194755,1221,194,1.3599999999999994,-0.5799999999999983
chr1,206587005,206587006,-,830,95.78,112,92.86,77,93.51,2.9200000000000017,0.5087780964175863,830,112,2.9200000000000017,2.269999999999996
chr1,206587012,206587013,+,1131,13.7,181,28.18,137,22.63,-14.48,10.422295194041794,1131,181,-14.48,-8.93
chr1,206587013,206587014,-,762,4.72,101,11.88,69,20.29,-7.160000000000001,3.1349413008275637,762,101,-7.160000000000001,-15.57
chr1,206587017,206587018,+,1088,11.21,162,19.14,130,24.62,-7.93,3.3339543765632698,1088,162,-7.93,-13.41
chr1,206587018,206587019,-,738,7.99,92,18.48,64,28.12,-10.49,4.094821264594714,738,92,-10.49,-20.130000000000003
chr1,206587020,206587021,+,936,17.31,135,31.11,114,35.96,-13.8,6.194934101908984,936,135,-13.8,-18.650000000000002
chr1,206587021,206587022,-,627,18.98,86,36.05,57,40.35,-17.069999999999997,5.573388971748102,627,86,-17.069999999999997,-21.37
chr1,206587028,206587029,+,885,26.78,135,49.63,106,35.85,-22.85,13.227217860775,885,135,-22.85,-9.07
chr1,206587029,206587030,-,738,7.72,79,22.78,63,7.94,-15.060000000000002,7.106868848178237,738,79,-15.060000000000002,-0.22000000000000064
chr1,206587031,206587032,+,1005,20.6,153,45.75,121,30.58,-25.15,20.13271897113429,1005,153,-25.15,-9.979999999999997
chr1,206587032,206587033,-,776,23.71,101,44.55,71,32.39,-20.839999999999996,8.801913743381078,776,101,-20.839999999999996,-8.68
chr1,206587034,206587035,+,970,53.4,157,78.98,127,66.93,-25.580000000000005,19.023465848723163,970,157,-25.580000000000005,-13.530000000000008
chr1,206587035,206587036,-,733,74.9,102,71.57,70,78.57,3.3300000000000125,-0.0892977017030602,733,102,3.3300000000000125,-3.6699999999999875
chr1,206587036,206587037,+,1067,84.07,169,87.57,135,81.48,-3.5,0.3758170089171244,1067,169,-3.5,2.589999999999989
chr1,206587037,206587038,-,868,85.48,114,79.82,82,87.8,5.660000000000011,0.8248112414340767,868,114,5.660000000000011,-2.319999999999993
chr1,206587052,206587053,+,1150,95.39,189,97.35,139,95.68,-1.9599999999999937,0.5116521355041641,1150,189,-1.9599999999999937,-0.29000000000000625
chr1,206587053,206587054,-,898,97.88,112,92.86,84,92.86,5.019999999999996,3.207093163139575,898,112,5.019999999999996,5.019999999999996
chr1,206587055,206587056,+,1176,98.38,192,97.4,141,96.45,0.9799999999999898,0.076043907140729,1176,192,0.9799999999999898,1.9299999999999926
chr1,206587056,206587057,-,907,98.13,118,94.07,86,91.86,4.060000000000002,2.470529237635276,907,118,4.060000000000002,6.269999999999996
chr1,206587057,206587058,+,1256,98.33,197,97.46,153,96.73,0.8700000000000045,-0.0131638673527731,1256,197,0.8700000000000045,1.5999999999999943
chr1,206587058,206587059,-,836,96.05,111,89.19,78,93.59,6.859999999999999,3.646013120999669,836,111,6.859999999999999,2.4599999999999937
chr1,206587066,206587067,+,1057,86.85,159,84.91,127,88.98,1.9399999999999977,-0.1266620649707874,1057,159,1.9399999999999977,-2.1300000000000097
chr1,206587067,206587068,-,799,84.48,109,82.57,78,78.21,1.9100000000000108,-0.2158541120709287,799,109,1.9100000000000108,6.27000000000001
chr1,206587069,206587070,+,956,84.73,157,90.45,120,88.33,-5.719999999999999,1.6089533973641892,956,157,-5.719999999999999,-3.5999999999999943
chr1,206587070,206587071,-,834,91.37,115,90.43,85,91.76,0.9399999999999977,-0.2903371213546961,834,115,0.9399999999999977,-0.39000000000000057
chr1,206587071,206587072,+,1044,89.08,164,93.9,134,88.06,-4.820000000000007,1.6766696247516393,1044,164,-4.820000000000007,1.019999999999996
chr1,206587072,206587073,-,739,88.77,97,85.57,74,86.49,3.200000000000003,0.0607252209262583,739,97,3.200000000000003,2.280000000000001
chr1,206587073,206587074,+,1163,95.7,176,96.02,145,94.48,-0.3199999999999932,-0.3233892358431376,1163,176,-0.3199999999999932,1.2199999999999989
chr1,206587074,206587075,-,710,83.1,92,80.43,58,86.21,2.6699999999999875,-0.1477644784779386,710,92,2.6699999999999875,-3.1099999999999994
chr1,206587077,206587078,+,1039,85.76,171,87.72,124,83.87,-1.9599999999999937,-0.1024594449867208,1039,171,-1.9599999999999937,1.8900000000000006
chr1,206587078,206587079,-,783,80.2,104,80.77,71,83.1,-0.5699999999999932,-0.3355573105747567,783,104,-0.5699999999999932,-2.8999999999999915
chr1,206587081,206587082,+,1168,93.58,171,91.81,137,92.7,1.769999999999996,0.0096169855228254,1168,171,1.769999999999996,0.8799999999999955
chr1,206587082,206587083,-,777,90.35,104,91.35,70,91.43,-1.0,-0.2892454733035379,777,104,-1.0,-1.0800000000000125
chr1,206587087,206587088,+,976,42.01,137,47.45,115,52.17,-5.440000000000005,0.3753187117022207,976,137,-5.440000000000005,-10.160000000000004
chr1,206587088,206587089,-,754,34.22,114,37.72,66,39.39,-3.5,-0.080272513989712,754,114,-3.5,-5.170000000000002
chr1,206587089,206587090,+,994,42.56,145,53.79,122,50.82,-11.229999999999997,2.8719079411666826,994,145,-11.229999999999997,-8.259999999999998
chr1,206587090,206587091,-,742,33.69,94,36.17,69,39.13,-2.480000000000004,-0.2319925917362297,742,94,-2.480000000000004,-5.440000000000005
chr1,206587092,206587093,+,1047,45.37,161,61.49,125,57.6,-16.120000000000005,6.953123185684035,1047,161,-16.120000000000005,-12.230000000000004
chr1,206587093,206587094,-,836,38.88,105,49.52,80,46.25,-10.64,1.819928328115111,836,105,-10.64,-7.369999999999997
chr1,206587105,206587106,+,1146,11.61,164,15.85,137,21.9,-4.24,0.7894978136882855,1146,164,-4.24,-10.29
chr1,206587106,206587107,-,579,15.2,72,29.17,48,6.25,-13.970000000000002,3.5778379155878497,579,72,-13.970000000000002,8.95
chr1,206587118,206587119,+,985,31.37,154,53.9,130,62.31,-22.529999999999998,13.914120549054816,985,154,-22.529999999999998,-30.94
chr1,206587119,206587120,-,575,28.35,82,57.32,51,33.33,-28.97,12.55041183790638,575,82,-28.97,-4.979999999999997
chr1,206587149,206587150,+,1118,11.45,176,16.48,143,18.88,-5.030000000000001,1.3257837510152513,1118,176,-5.030000000000001,-7.43
chr1,206587150,206587151,-,818,10.64,104,22.12,74,20.27,-11.48,4.569577239123703,818,104,-11.48,-9.629999999999999
chr1,206587153,206587154,+,1123,17.9,165,36.97,132,25.0,-19.07,13.882127846953152,1123,165,-19.07,-7.100000000000001
chr1,206587154,206587155,-,790,24.18,100,45.0,70,41.43,-20.82,8.651316167531945,790,100,-20.82,-17.25
chr1,206587174,206587175,+,865,43.24,143,53.15,98,40.82,-9.909999999999997,2.0779158618820475,865,143,-9.909999999999997,2.4200000000000017
chr1,206587175,206587176,-,685,23.65,82,24.39,61,22.95,-0.740000000000002,-0.3336273521096018,685,82,-0.740000000000002,0.6999999999999993
chr1,206587177,206587178,+,1023,31.48,170,34.12,119,34.45,-2.639999999999997,-0.11379525160919,1023,170,-2.639999999999997,-2.9700000000000024
chr1,206587178,206587179,-,707,25.6,87,22.99,64,28.12,2.610000000000003,-0.2022524198914084,707,87,2.610000000000003,-2.5199999999999996
chr1,206587181,206587182,+,915,45.25,140,49.29,120,43.33,-4.039999999999999,0.052450422092761,915,140,-4.039999999999999,1.9200000000000017
chr1,206587182,206587183,-,683,59.44,84,59.52,63,52.38,-0.0800000000000054,-0.3449279387294837,683,84,-0.0800000000000054,7.059999999999995
chr1,206587216,206587217,+,1078,76.44,182,69.23,128,69.53,7.209999999999994,1.7457110962467368,1078,182,7.209999999999994,6.909999999999997
chr1,206587217,206587218,-,762,65.35,88,59.09,67,68.66,6.259999999999991,0.3198415334779838,762,88,6.259999999999991,-3.3100000000000023
chr1,206587230,206587231,+,1104,92.93,168,91.07,139,90.65,1.8600000000000136,0.0094510947174057,1104,168,1.8600000000000136,2.280000000000001
chr1,206587231,206587232,-,872,92.55,120,89.17,87,88.51,3.3799999999999955,0.4175367735805366,872,120,3.3799999999999955,4.039999999999992
chr1,206587241,206587242,+,1075,71.07,163,76.07,135,77.04,-5.0,0.5537119502728274,1075,163,-5.0,-5.970000000000013
chr1,206587242,206587243,-,733,78.17,101,80.2,70,84.29,-2.030000000000001,-0.2352386135958681,733,101,-2.030000000000001,-6.1200000000000045
chr1,206587244,206587245,+,1073,76.42,178,82.58,128,83.59,-6.159999999999997,1.3941758754581317,1073,178,-6.159999999999997,-7.170000000000002
chr1,206587245,206587246,-,848,75.83,120,75.0,80,81.25,0.8299999999999983,-0.3259054030995685,848,120,0.8299999999999983,-5.420000000000002
chr1,206587270,206587271,+,706,36.26,116,50.86,76,48.68,-14.600000000000001,4.040327296746227,706,116,-14.600000000000001,-12.420000000000002
chr1,206587271,206587272,-,593,27.32,61,39.34,53,43.4,-12.020000000000003,1.5125949219362838,593,61,-12.020000000000003,-16.08
chr1,206587272,206587273,+,863,44.5,132,61.36,111,59.46,-16.86,6.208327154246149,863,132,-16.86,-14.96
chr1,206587273,206587274,-,630,24.6,74,44.59,57,45.61,-19.990000000000002,5.82727177658785,630,74,-19.990000000000002,-21.009999999999998
chr1,206587276,206587277,+,1075,28.47,169,46.15,124,45.16,-17.68,9.76714537722694,1075,169,-17.68,-16.689999999999998
chr1,206587277,206587278,-,780,32.82,97,56.7,72,51.39,-23.880000000000003,9.907837607290505,780,97,-23.880000000000003,-18.57
chr1,206587285,206587286,+,944,41.31,147,62.59,112,68.75,-21.28,11.270929047640266,944,147,-21.28,-27.439999999999998
chr1,206587286,206587287,-,661,42.21,90,60.0,66,68.18,-17.79,4.704256135614912,661,90,-17.79,-25.970000000000006
chr1,206587288,206587289,+,1020,27.94,153,53.59,116,45.69,-25.650000000000002,18.632574621372555,1020,153,-25.650000000000002,-17.749999999999996
chr1,206587289,206587290,-,761,22.34,103,42.72,72,40.28,-20.38,8.787644120536527,761,103,-20.38,-17.94
chr1,206587310,206587311,+,1112,38.4,177,54.8,134,64.93,-16.4,8.013523577645742,1112,177,-16.4,-26.53000000000001
chr1,206587311,206587312,-,693,59.74,95,72.63,73,71.23,-12.889999999999993,2.704713078736632,693,95,-12.889999999999993,-11.490000000000002
chr1,206587313,206587314,+,1022,45.01,158,68.99,120,72.5,-23.979999999999997,15.688564676727651,1022,158,-23.979999999999997,-27.490000000000002
chr1,206587314,206587315,-,852,62.32,111,78.38,84,71.43,-16.059999999999995,5.560628648763213,852,111,-16.059999999999995,-9.110000000000007
chr1,206587344,206587345,+,1022,84.74,171,75.44,125,80.0,9.299999999999997,3.839775071948111,1022,171,9.299999999999997,4.739999999999995
chr1,206587345,206587346,-,768,70.57,108,65.74,78,70.51,4.829999999999998,0.169801297460026,768,108,4.829999999999998,0.05999999999998806
chr1,206587373,206587374,+,878,37.13,154,37.01,115,35.65,0.12000000000000455,-0.3453171486992232,878,154,0.12000000000000455,1.480000000000004
chr1,206587374,206587375,-,744,74.73,100,65.0,73,61.64,9.730000000000004,1.694652036228149,744,100,9.730000000000004,13.090000000000003
chr1,206587376,206587377,+,1077,74.28,78,64.1,71,71.83,10.180000000000007,1.48055995458094,1077,78,10.180000000000007,2.450000000000003
chr1,206587377,206587378,-,745,78.93,46,89.13,34,82.35,-10.199999999999989,1.2494597244151464,745,46,-10.199999999999989,-3.4199999999999875
chr1,206587397,206587398,+,1057,53.07,172,58.72,140,57.14,-5.649999999999999,0.6083862500202031,1057,172,-5.649999999999999,-4.07
chr1,206587398,206587399,-,713,52.03,101,48.51,71,59.15,3.520000000000003,-0.1261321852559831,713,101,3.520000000000003,-7.119999999999997
chr1,206587409,206587410,+,1083,85.41,172,90.12,141,92.2,-4.710000000000008,1.1356518627543437,1083,172,-4.710000000000008,-6.790000000000006
chr1,206587410,206587411,-,581,82.96,76,86.84,61,86.89,-3.8800000000000097,0.0420965006850337,581,76,-3.8800000000000097,-3.930000000000007
chr1,206587433,206587434,+,861,18.12,159,22.01,100,30.0,-3.8900000000000006,0.3007670725456819,861,159,-3.8900000000000006,-11.879999999999999
chr1,206587434,206587435,-,801,14.86,111,20.72,75,20.0,-5.859999999999999,0.8459726814443798,801,111,-5.859999999999999,-5.140000000000001
chr1,206587505,206587506,+,968,40.29,161,50.93,128,52.34,-10.64,2.829121040330733,968,161,-10.64,-12.050000000000004
chr1,206587506,206587507,-,678,49.26,86,62.79,66,57.58,-13.530000000000001,2.479950148911371,678,86,-13.530000000000001,-8.32
chr1,206587512,206587513,+,992,47.88,163,57.06,122,45.9,-9.18,2.0154436989665783,992,163,-9.18,1.980000000000004
chr1,206587513,206587514,-,791,57.02,105,59.05,81,60.49,-2.029999999999994,-0.2669493730522845,791,105,-2.029999999999994,-3.469999999999999
chr1,206587525,206587526,+,1106,45.75,181,44.2,145,40.0,1.5499999999999972,-0.2702593904306241,1106,181,1.5499999999999972,5.75
chr1,206587526,206587527,-,739,48.04,94,46.81,70,40.0,1.2299999999999969,-0.3199538432927511,739,94,1.2299999999999969,8.04
chr1,206587539,206587540,+,1116,57.26,177,54.24,140,55.71,3.019999999999996,-0.0627542232401765,1116,177,3.019999999999996,1.5499999999999972
chr1,206587540,206587541,-,715,70.35,95,69.47,70,75.71,0.8799999999999955,-0.3297498534347483,715,95,0.8799999999999955,-5.359999999999999
chr1,206587552,206587553,+,1154,41.33,176,34.66,134,36.57,6.670000000000002,1.0884999101590438,1154,176,6.670000000000002,4.759999999999998
chr1,206587553,206587554,-,861,38.44,120,30.0,85,36.47,8.439999999999998,1.3024276479479795,861,120,8.439999999999998,1.9699999999999989
chr1,206587730,206587731,+,994,68.81,150,68.0,127,63.78,0.8100000000000023,-0.3256805607286424,994,150,0.8100000000000023,5.030000000000001
chr1,206587731,206587732,-,773,71.02,103,67.96,75,68.0,3.0600000000000023,-0.1428534425851921,773,103,3.0600000000000023,3.019999999999996
chr1,206587744,206587745,+,815,40.12,121,40.5,107,42.06,-0.38000000000000256,-0.34244435238611,815,121,-0.38000000000000256,-1.9400000000000048
chr1,206587745,206587746,-,504,41.27,60,51.67,41,46.34,-10.399999999999999,0.8285524860573332,504,60,-10.399999999999999,-5.07
chr1,206587761,206587762,+,1132,60.78,176,68.75,141,68.09,-7.969999999999999,1.7539103300176748,1132,176,-7.969999999999999,-7.310000000000002
chr1,206587762,206587763,-,866,58.2,115,71.3,84,66.67,-13.099999999999994,3.4168452962824176,866,115,-13.099999999999994,-8.469999999999999
chr1,206587798,206587799,+,1036,69.98,166,72.29,123,73.17,-2.3100000000000023,-0.1610237797181071,1036,166,-2.3100000000000023,-3.1899999999999977
chr1,206587799,206587800,-,770,66.36,106,69.81,81,74.07,-3.450000000000003,-0.0920792220192652,770,106,-3.450000000000003,-7.709999999999994
chr1,206587862,206587863,+,1156,77.6,182,86.81,143,86.71,-9.210000000000008,4.056003313042311,1156,182,-9.210000000000008,-9.11
chr1,206587863,206587864,-,831,72.56,117,82.05,85,84.71,-9.489999999999995,2.210998820107193,831,117,-9.489999999999995,-12.149999999999991
chr1,206587962,206587963,+,1032,68.12,150,68.0,126,64.29,0.12000000000000455,-0.3452056172689026,1032,150,0.12000000000000455,3.8299999999999983
chr1,206587963,206587964,-,781,58.0,110,60.91,73,54.79,-2.9099999999999966,-0.1768672871298804,781,110,-2.9099999999999966,3.210000000000001
chr1,206587995,206587996,+,1025,83.32,166,87.35,131,87.02,-4.030000000000001,0.5610560310843766,1025,166,-4.030000000000001,-3.700000000000003
chr1,206587996,206587997,-,867,89.5,115,91.3,81,96.3,-1.7999999999999972,-0.15790517958078,867,115,-1.7999999999999972,-6.799999999999997
chr1,206588088,206588089,+,1103,40.25,176,34.09,132,30.3,6.159999999999997,0.8799303343316751,1103,176,6.159999999999997,9.95
chr1,206588089,206588090,-,859,38.77,116,38.79,80,38.75,-0.01999999999999602,-0.3454243026340009,859,116,-0.01999999999999602,0.020000000000003126
chr1,206588173,206588174,+,1101,94.37,178,94.94,141,94.33,-0.5699999999999932,-0.2943417742897054,1101,178,-0.5699999999999932,0.04000000000000625
chr1,206588174,206588175,-,850,91.41,117,93.16,80,97.5,-1.75,-0.1271480449696014,850,117,-1.75,-6.090000000000003
chr1,206588704,206588705,+,1055,78.96,173,71.1,136,77.21,7.859999999999999,2.1785162967821634,1055,173,7.859999999999999,1.75
chr1,206588705,206588706,-,832,83.77,109,75.23,85,78.82,8.539999999999992,1.921742325791854,832,109,8.539999999999992,4.950000000000003
chr1,206588908,206588909,+,966,87.78,159,94.34,125,96.0,-6.560000000000002,3.075083937847012,966,159,-6.560000000000002,-8.219999999999999
chr1,206588909,206588910,-,766,93.6,102,92.16,77,96.1,1.4399999999999977,-0.1971346267084186,766,102,1.4399999999999977,-2.5
chr1,206588990,206588991,+,1152,91.84,183,91.26,148,92.57,0.5799999999999983,-0.3098679281312115,1152,183,0.5799999999999983,-0.7299999999999898
chr1,206588991,206588992,-,725,93.79,102,93.14,74,93.24,0.6500000000000057,-0.3110271230717671,725,102,0.6500000000000057,0.5500000000000114
chr1,206589158,206589159,+,1175,92.0,182,91.76,138,88.41,0.23999999999999488,-0.3386008263460098,1175,182,0.23999999999999488,3.5900000000000034
chr1,206589159,206589160,-,565,72.57,81,86.42,57,75.44,-13.850000000000009,3.655256951241881,565,81,-13.850000000000009,-2.8700000000000045
chr1,206589212,206589213,+,1139,93.85,175,92.57,141,91.49,1.2800000000000011,-0.1425905025436122,1139,175,1.2800000000000011,2.3599999999999994
chr1,206589213,206589214,-,851,96.24,114,95.61,81,97.53,0.6299999999999955,-0.290385597172758,851,114,0.6299999999999955,-1.2900000000000063
chr1,206589436,206589437,+,1200,95.75,190,92.63,149,95.3,3.1200000000000045,1.2310055101901298,1200,190,3.1200000000000045,0.45000000000000284
chr1,206589437,206589438,-,880,94.55,116,96.55,86,96.51,-2.0,0.1232331985469841,880,116,-2.0,-1.960000000000008
chr1,206589745,206589746,+,1082,97.97,172,100.0,133,99.25,-2.030000000000001,2.9304679141878296,1082,172,-2.030000000000001,-1.2800000000000011
chr1,206589746,206589747,-,698,94.84,102,98.04,73,95.89,-3.200000000000003,0.9057207676625012,698,102,-3.200000000000003,-1.0499999999999972
